0;0.000344226706439734;0.00554698539361683
1;-0.00603468355729929;0.0135521769893506
2;-0.0138332503032932;0.0187527592701711
3;-0.011368391262185;0.0109904304252707
4;-0.00188949801362562;0.00174689805900999
5;-0.00379320589180719;-0.00217877289491648
6;0.00311916061849294;0.00548240519411043
7;0.00720289557740227;0.00081206486762132
8;0.00807112621820119;-0.0015633714735058
9;0.0041626048337494;0.00634391763980683
10;0.0140972177248621;0.00138494806071974
11;0.0125564855839296;-0.00162313092795346
12;0.00924587011684937;-0.0070303297456402
13;0.00834264859068331;0.00268948340967739
14;0.0142590107295471;0.0101902327194299
15;0.0167961778043938;0.0113935197603114
16;0.02540077920788;0.00726091238541571
17;0.0176552222438973;0.0120003120530957
18;0.013343762685174;0.0140517797832898
19;0.021033900491816;0.00592370477724993
20;0.0175225779783272;0.00274191753216177
21;0.0242939595081722;-0.00293997026898896
22;0.0262136047584161;0.00579448114773933
23;0.0205712450533785;-0.000440137325730235
24;0.0296000786698889;0.00210064047742665
25;0.0333282933615932;0.0107047055788081
26;0.0281049844657467;0.0128002129365598
27;0.0339600702450984;0.0133884983303531
28;0.0327180456267568;0.0161410128797409
29;0.0416385798202076;0.00884454018298748
30;0.0387223519337654;0.0020801729677339
31;0.0401944578691732;-0.00463187033801892
32;0.0341586860880156;-0.00484844195089696
33;0.0337382746737908;-0.000684932610357614
34;0.030199812507769;-0.00890588839818066
35;0.0364993045583085;-0.0165244799808992
36;0.0440772938881336;-0.0260008790703588
37;0.0481788829620457;-0.0265455563062921
38;0.043154704914342;-0.0257752238358908
39;0.0487269448984074;-0.0180789836032684
40;0.0428187637698645;-0.0142609761812356
41;0.0358197119828778;-0.0168732346377304
42;0.0376802358981689;-0.00693065210269329
43;0.0440327138609219;-0.0104473946434853
44;0.0373882371232325;-0.00943077265151347
45;0.0316749457954033;-0.000297759363920318
46;0.0244356354896983;0.00130279622016605
47;0.017730656461255;0.00907081190039907
48;0.0088647376526728;0.00026055081017341
49;-0.001061947445414;0.00234740622776905
50;-0.00289299250252218;0.00975869003669298
51;0.00321981409382998;0.01943967549704
52;0.0104717204469683;0.0220171419521035
53;0.0151362483081856;0.0127090697416426
54;0.0180127423720959;0.0187252963988228
55;0.0216055875486907;0.0199741695935904
56;0.0233270320347077;0.0292649097725958
57;0.0311908249937514;0.0307201105268859
58;0.0346468504183492;0.0304370038788286
59;0.0304175289752044;0.0226094064111865
60;0.0237571299928693;0.0266082280995083
61;0.0148344107238177;0.023701120794742
62;0.0101801703010687;0.026298265918865
63;0.0121478667484167;0.0212393022744913
64;0.0211755732504072;0.0259309586030575
65;0.019658080206112;0.0177040323297233
66;0.0141731198463371;0.0249325249539281
67;0.0213029157934817;0.025381816795702
68;0.0139581564333374;0.0333425857388426
69;0.0235950265216618;0.0384819266313137
70;0.0285742042666833;0.0391816127616547
71;0.0230972165962575;0.0456136826226924
72;0.0303958376799784;0.039602749819971
73;0.0305321381371897;0.0439779773175428
74;0.0341504570723746;0.0420518948894701
75;0.0276581863458726;0.0515023661008768
76;0.0225890439604265;0.0458978957646889
77;0.0281762112479174;0.0481690897222092
78;0.0191983282805692;0.0509378492567678
79;0.0239604532249088;0.0543656137723316
80;0.024947978222318;0.0513891232896266
81;0.0164496483549148;0.0557366149671453
82;0.0211906529428487;0.0551551614511643
83;0.0198953134225939;0.0458408205829565
84;0.0206668926731529;0.0411530640772791
85;0.0216578581903586;0.0347277114016785
86;0.0258980577726281;0.0354582016408621
87;0.0252177581302532;0.034569702238445
88;0.031940852652118;0.0427369849218042
89;0.0348295453095015;0.0432871559392136
90;0.0294275928740239;0.0363978241774895
91;0.0391617892448054;0.03548622433374
92;0.0298273528941196;0.0452446537458639
93;0.0390524962895608;0.0438625836839073
94;0.0413051352559613;0.0375800022282079
95;0.0343396733964699;0.034325116955007
96;0.0420148620322323;0.0391357133743892
97;0.0519276895001753;0.0441572595538
98;0.0592724609609379;0.0459688606844418
99;0.0641654772675435;0.0452324089497479
100;0.0739571462994894;0.0371569296131362
101;0.0696080400466398;0.0283281933554486
102;0.0602678203783407;0.038155440092541
103;0.0517850314814341;0.0342258381098443
104;0.0468991686383258;0.0256330073970989
105;0.0405651112516434;0.0166322213449852
106;0.0493992967642747;0.0223441396080536
107;0.0465349026602017;0.0305663785655454
108;0.0376011115862341;0.0332043887831571
109;0.0369898763766465;0.0397901442289307
110;0.0356718639386873;0.0366634877598861
111;0.0418261411372135;0.0337030339813712
112;0.0486878170636053;0.0424094752011027
113;0.0574017175438636;0.0487186040374817
114;0.0622048711033095;0.0538874970525445
115;0.0540628019883776;0.0635588270633476
116;0.0504190781313922;0.0712531732745623
117;0.0570801772288979;0.0731846592668931
118;0.048296294425687;0.0828334521281968
119;0.0463530354104717;0.0839704611323636
120;0.0506153427839071;0.0850330446198457
121;0.055830682066507;0.0831700366464677
122;0.0462573834917868;0.0854720458048824
123;0.0460439314742591;0.0829026437306137
124;0.0511027539980611;0.0849513163848088
125;0.0563677353723011;0.0765826023588994
126;0.050245184052561;0.0832762428078131
127;0.0583386617408407;0.0886673800670483
128;0.0662423232316516;0.0893451890203195
129;0.0668461040263279;0.0806939918654477
130;0.0626986446640634;0.0753538666574722
131;0.0577366748106744;0.0747478501418735
132;0.0659990706374026;0.065227442968752
133;0.0621481713634488;0.0587526542380045
134;0.0671386272758425;0.06027589809018
135;0.0624952585261014;0.0561481438651626
136;0.0533571483269973;0.0606883888055889
137;0.0566009418118377;0.0540565372723046
138;0.0502114651346912;0.0633550271168421
139;0.0473371017719326;0.0576880566632785
140;0.049513881776507;0.0555707857246095
141;0.0466384754628495;0.0580990370063014
142;0.0449119668944422;0.0645925273862726
143;0.0422662966258946;0.0561940546238581
144;0.0364930017212373;0.0498908821103121
145;0.0349567720872335;0.0559820041271029
146;0.0278492925316232;0.0563839630636219
147;0.0198209557006792;0.0498532636393669
148;0.0142629455366745;0.0533223005623474
149;0.0146776536180068;0.0473883890958449
150;0.0213759156155009;0.0464591576114293
151;0.0124100051537575;0.0393582680384807
152;0.0211267154249115;0.0447510213565878
153;0.0204347459008893;0.0354456134830628
154;0.0110854548340596;0.0436665782608868
155;0.0056817845834055;0.0474741068976531
156;0.000925976905276064;0.0463633614815508
157;0.00181920925450475;0.0487800102929119
158;-0.00170240216620378;0.0528217356560201
159;-0.00183324638355208;0.0626176189691842
160;0.00797524754950556;0.0569431924681567
161;-0.00126404462614284;0.0472839734719899
162;-0.00201210022102673;0.0448484034762105
163;-0.00152967208967063;0.046157610848694
164;-0.00797344793699376;0.0481034915024431
165;-0.0143094905215639;0.0556028515489972
166;-0.00639760914976597;0.0521828049436039
167;-0.00566503394942033;0.0573840348940827
168;-0.0119215893815558;0.0521899198782863
169;-0.0124550670723687;0.0515065671183665
170;-0.0214390259881965;0.0466576521887433
171;-0.0183065433300224;0.0510038499332424
172;-0.0152359675553702;0.0536568460810356
173;-0.0111254869958225;0.0589926093959029
174;-0.00522552601561207;0.0522668893387387
175;-0.00806781232851921;0.060821221544529
176;-0.011105964477512;0.0624847231911797
177;-0.00801359278368465;0.063205205112009
178;-0.0124337498965551;0.0569589755512863
179;-0.0158186977387493;0.0629365261886905
180;-0.013426236808899;0.0641858532262621
181;-0.021500451297695;0.0674301930994309
182;-0.0178289634454106;0.0593722934356855
183;-0.0203200100359321;0.0560040138554592
184;-0.0163944912387498;0.0583020481850031
185;-0.021556040139271;0.0500828125499761
186;-0.0252147202638139;0.0541040427162704
187;-0.0262403549130635;0.0639090434166738
188;-0.0307219631201876;0.0592332899081024
189;-0.0303078369571398;0.0669690051235115
190;-0.0401753980287516;0.0739719963145964
191;-0.0401867405770844;0.0661155924436616
192;-0.0434013356715354;0.0654620155472691
193;-0.0396399681313336;0.0749846220786426
194;-0.0423028254271498;0.0650120781261065
195;-0.0408667532469271;0.0625740261836043
196;-0.0329741039657006;0.0575578474610755
197;-0.025163040665464;0.0527621304685633
198;-0.0313449350866885;0.0524377770523996
199;-0.0407621874067756;0.0486552444922995
200;-0.0401902984125774;0.0481864131144837
201;-0.0380103531685334;0.0534071421005238
202;-0.0297621345673418;0.0620905576920652
203;-0.0247666670405337;0.0562629473749655
204;-0.0253480000433736;0.0651979508380862
205;-0.0317622207040536;0.0699425216091716
206;-0.0337787069404492;0.0702086358884297
207;-0.0391524772288429;0.0602856258916695
208;-0.0357244077330755;0.0677259380753087
209;-0.0322114124869981;0.0774125706473424
210;-0.0245569305886593;0.0695765976374581
211;-0.0223851099606161;0.0777653703005265
212;-0.027051720498517;0.0764482486726103
213;-0.0171683840770313;0.0845324233983143
214;-0.00967168922422997;0.0830989796739067
215;-0.00176898080237627;0.0842002132997104
216;-0.00465976083030912;0.092618893967289
217;-0.0128967698346715;0.0835716035517359
218;-0.00631986050049767;0.0926027765946755
219;0.00241791255270035;0.0927878928834516
220;0.0097605500926732;0.0862860227637114
221;0.00871806611372069;0.0830809754579147
222;0.00395224952119043;0.082977958916965
223;0.00730156792600713;0.0800681286857595
224;0.00665565130680598;0.0824017847347548
225;0.007703034939311;0.0754292736760664
226;0.00407011269193615;0.070449048316958
227;0.0133993209263866;0.0735994379333777
228;0.0101926587817504;0.0789277452007811
229;0.00467654758173812;0.0846600770861191
230;0.00396161198760459;0.0882505880144381
231;0.00313239653837514;0.0847298066536011
232;0.00242666265342696;0.075794641990594
233;-0.00255624213935631;0.0833509449899714
234;0.00350692102425123;0.0798173270051914
235;-0.00626056328994247;0.0858659250567229
236;-0.01256299637993;0.0904468493383503
237;-0.00386697605445374;0.0982365599917046
238;0.00424331035786463;0.0959532769483576
239;0.00460304981572696;0.103526740506816
240;0.0114779871516014;0.105061390592531
241;0.00321307731545209;0.109025630755585
242;0.00877937317043515;0.10141031927235
243;0.0108047697172336;0.0970679331917446
244;0.0135844139819427;0.102659621417038
245;0.0115650322822877;0.111493839945055
246;0.00624030027185582;0.114974557702036
247;0.00316236875591911;0.116256806079939
248;0.00944704144331956;0.11723285633572
249;0.00890147572564962;0.116179078757381
250;0.00324832793380523;0.1153423461473
251;0.00939798621939403;0.109393457840324
252;0.000652140185456803;0.105586567804872
253;-0.00424752728896565;0.115097098099933
254;-0.0109874171490257;0.107836435659573
255;-0.0193530441758749;0.100592651587554
256;-0.0223872823393006;0.0959363971145434
257;-0.0274683821429258;0.0975496429372903
258;-0.0318069979969165;0.0994083765711954
259;-0.0234157146322614;0.105335891093004
260;-0.0161770130455666;0.105080687223198
261;-0.0175027075164126;0.112216411886037
262;-0.00964981566017018;0.106985094621873
263;-0.0106856349643905;0.0987130749201743
264;-0.0164377041241795;0.0948291965638889
265;-0.0179340067766113;0.100534004914842
266;-0.0250364522636199;0.107677942240917
267;-0.0347001580087376;0.108824517613624
268;-0.0408599847508594;0.110462310324107
269;-0.0335758055838643;0.113000268548168
270;-0.0293506640720231;0.119540577892345
271;-0.0309174644254322;0.110189547906569
272;-0.037244759842113;0.113445540534363
273;-0.0410075899658015;0.104923250018844
274;-0.0491247542484779;0.113593716221905
275;-0.0434972068723557;0.113147605939111
276;-0.0400859867062913;0.10757787011655
277;-0.0368571998456201;0.101837239656205
278;-0.0462675257055124;0.103355721199706
279;-0.0548740606250586;0.106875158720685
280;-0.0584819449821217;0.106441929905015
281;-0.0490169357135598;0.110199456168003
282;-0.0559524001665098;0.102393795528642
283;-0.048593496593476;0.098795880374385
284;-0.0584364600016439;0.0953849448698037
285;-0.0552810538813663;0.0949443441050986
286;-0.0573444232966585;0.0852504527797133
287;-0.0631304897071842;0.076824757821646
288;-0.0713535046399075;0.0816617232613833
289;-0.0669047144494507;0.0753918893486224
290;-0.0636179606002187;0.0761167418731641
291;-0.0548192938865811;0.0691044203320446
292;-0.0517646577071141;0.0650553973514938
293;-0.0420256546594508;0.0668645997863378
294;-0.0388846167882833;0.0647132672146025
295;-0.0406639849815629;0.0691321926374791
296;-0.0467617866739546;0.068347750064697
297;-0.0501396715147512;0.0590244582831601
298;-0.0523422058081637;0.0685859505588403
299;-0.0580462588910229;0.078492830433181
300;-0.0629431951036692;0.0702031116351221
301;-0.0685842213689835;0.062557254019397
302;-0.0754823261427983;0.0722217096868166
303;-0.066461832622393;0.0806798017185367
304;-0.0612125398519042;0.0831057147960205
305;-0.0552788872903394;0.0816400121717155
306;-0.0527819335880698;0.0824551312369458
307;-0.0477449494983186;0.0771905317170129
308;-0.0545074526900646;0.068050595809012
309;-0.0568548899262468;0.0712560436514467
310;-0.0586117371191605;0.0796019954019888
311;-0.0548547621432574;0.0707063713893231
312;-0.0605055360869903;0.0608211356685689
313;-0.0662176170214348;0.0691804317814952
314;-0.0641984492997166;0.0655611751189741
315;-0.0564047569815837;0.0715684449861797
316;-0.0607749869994796;0.0765298302883794
317;-0.070260998716271;0.0849164281784727
318;-0.0714338546123234;0.0900753439813552
319;-0.0703213298923901;0.096652066389775
320;-0.0797342631295297;0.102070766066113
321;-0.0710306422060126;0.107660398350256
322;-0.0624513330184069;0.113990008283225
323;-0.0630399499509856;0.11191763490647
324;-0.0690225246332225;0.103750740605989
325;-0.0635760498350188;0.107323371491285
326;-0.058177486367895;0.11204136448606
327;-0.0642237848322391;0.10350815467901
328;-0.0611076528270951;0.107157196735226
329;-0.0574254489164918;0.101428737515411
330;-0.055680099847978;0.0917870698053982
331;-0.058870994841117;0.085560625764374
332;-0.0634196736870332;0.0802785030283493
333;-0.0571059464640664;0.0819101046975097
334;-0.0507955451709663;0.0837392610165474
335;-0.058742403262715;0.0809718898166027
336;-0.0523592892203384;0.0850849604121712
337;-0.0582952471936938;0.0788412077410898
338;-0.0661656363911487;0.0828373795093491
339;-0.0719222523608814;0.0909121466290728
340;-0.0812437999428733;0.0996764267991374
341;-0.0783241534479168;0.105267134993685
342;-0.0873277166666964;0.0960013759436186
343;-0.0831832943632376;0.0876528935409212
344;-0.0869576569798671;0.0830571078776183
345;-0.0774078781065381;0.0826975844148256
346;-0.0729384374491677;0.0755904985944604
347;-0.0741517203352562;0.0732021795009832
348;-0.0764118850093111;0.0686506385983484
349;-0.0710445394562765;0.0705120361594074
350;-0.0784336776316602;0.0799895762800843
351;-0.0850254676072604;0.080838535817209
352;-0.0772104965520047;0.0763763282327896
353;-0.0705055555653505;0.06938109810005
354;-0.0767766754110701;0.0638892782980527
355;-0.0803572325472334;0.0600299272158509
356;-0.0845575680001534;0.0560744596671567
357;-0.0808470558413896;0.0578312887113315
358;-0.0758239876387473;0.0644762750435324
359;-0.0660011696664622;0.0733495572357204
360;-0.0754460805720212;0.0771858616166404
361;-0.0768828284054076;0.0765541904889207
362;-0.0849419763208003;0.0776605489127714
363;-0.0853666834231497;0.0842690722245859
364;-0.0794394697278456;0.0871361877770332
365;-0.0879854219276204;0.0917285835685994
366;-0.0896597681058011;0.0981350822919585
367;-0.0916042692725008;0.0966382449020438
368;-0.0936067515000453;0.0931883846959325
369;-0.0936207256865784;0.102356499233356
370;-0.102190147410822;0.0942706985049931
371;-0.110604419455363;0.0954958364782743
372;-0.102200041974699;0.0899062626001082
373;-0.107596281901019;0.097010411283267
374;-0.107142209599094;0.104842853521622
375;-0.10945478933119;0.114690845003413
376;-0.101727605188893;0.119566236337622
377;-0.107272718304746;0.124264328673288
378;-0.114066972620695;0.116807740959836
379;-0.119579326176261;0.119020370122148
380;-0.128582292035428;0.119720086827809
381;-0.131950445682216;0.116846398916061
382;-0.125716579472505;0.122884730011646
383;-0.117947793020396;0.114692374506803
384;-0.116856450934408;0.109506375166311
385;-0.118499311890295;0.109035747919174
386;-0.119485177938689;0.117291511462569
387;-0.12071879777126;0.109024618859284
388;-0.118113950702573;0.106168040330442
389;-0.11820299227331;0.101876547731681
390;-0.111929514912139;0.0930846440804307
391;-0.119236913028526;0.0854608856318244
392;-0.120175939204523;0.082592146628542
393;-0.127849146374263;0.0877350362046134
394;-0.134140851438437;0.0819934989434172
395;-0.132005651187043;0.0814094502412014
396;-0.131006856776693;0.0759138000118984
397;-0.129565712893124;0.0700595176500174
398;-0.121328504284969;0.0688639196948726
399;-0.126536914701824;0.0696957382400035
400;-0.125292789650314;0.0729497160538518
401;-0.128858847826244;0.0773594676234013
402;-0.138049648484788;0.0684410087360354
403;-0.13027583897231;0.064741353295977
404;-0.126319071695031;0.064708551585399
405;-0.135273937825874;0.0629809537327947
406;-0.140250105282138;0.0594394871480855
407;-0.137018894300563;0.0578931308805073
408;-0.140748025615834;0.0530854585094124
409;-0.134686565729457;0.0477656472256248
410;-0.135974307007917;0.0490509048092137
411;-0.144609529344984;0.050417344924853
412;-0.144084762870271;0.0496507616824801
413;-0.143529341112063;0.0441031188523692
414;-0.134683557280611;0.042296684338896
415;-0.130740314539382;0.0390266766315637
416;-0.12839092858248;0.0423766744082593
417;-0.134198862949982;0.0416953883369526
418;-0.125694912138318;0.0435099109892594
419;-0.128104837487128;0.036867653788844
420;-0.125644923638508;0.043224286037015
421;-0.116065649984118;0.0479176773636592
422;-0.110594998219505;0.0392974185025867
423;-0.102488438876312;0.0301590508952361
424;-0.0987558904240169;0.0381390690839101
425;-0.0899979140318735;0.0476970268041534
426;-0.0874531599004163;0.041810903780717
427;-0.0813555752500127;0.0410984403264795
428;-0.0904401101121587;0.0439641262708345
429;-0.082101238061628;0.0424006172114055
430;-0.0753926122040733;0.0477642589224989
431;-0.0790865719453463;0.0485139326185892
432;-0.0828488936693543;0.0444276229094005
433;-0.0744147375684487;0.0461592166508172
434;-0.0711512161755242;0.0551378679992808
435;-0.0665681238587612;0.0614478331353925
436;-0.0707254768470049;0.0575126041110106
437;-0.0622454201497722;0.0572705906466538
438;-0.0684134009749412;0.0591310368523892
439;-0.068347192758111;0.0656926353645012
440;-0.0749938862577332;0.0587834747020731
441;-0.0691909632877033;0.0586055945130464
442;-0.0766754518050028;0.0651663742808562
443;-0.0701120646226928;0.0576496070358016
444;-0.0788933649149693;0.062092856853452
445;-0.0739646652167313;0.0619545130865624
446;-0.0717768298078314;0.065117337880329
447;-0.0632512777420373;0.0578162417071575
448;-0.0697502687432293;0.054785565796702
449;-0.0699652165486316;0.0623340362428381
450;-0.0601594022541398;0.0684199897639268
451;-0.0633326734762885;0.0736256256059305
452;-0.0603754804043824;0.0759768205917426
453;-0.0597083464474177;0.0714434798370132
454;-0.0573566707128923;0.0759386661339732
455;-0.0556718193157725;0.0845192526211773
456;-0.0546885292563162;0.0875692630517992
457;-0.0619658892580522;0.077809171771784
458;-0.0679046281978696;0.0761494981430516
459;-0.0626858373127346;0.0765787387122302
460;-0.0641654575750351;0.0707572638830624
461;-0.0652192096817024;0.0779482607525906
462;-0.062883463837981;0.0835562185406575
463;-0.0649314672037827;0.0903320552289916
464;-0.0555586331749608;0.0896686022341106
465;-0.063132414712148;0.0802241861216093
466;-0.0579853153252068;0.0756969359464371
467;-0.0558747049513994;0.0832187589626475
468;-0.0485628045861157;0.078712464784073
469;-0.0542801130714268;0.0806160651344882
470;-0.0561595173419545;0.0713012864515379
471;-0.0522701880822844;0.0649132976925902
472;-0.0618901416246175;0.072391565415548
473;-0.0634323990297841;0.0776644895557429
474;-0.0691756308789718;0.0679513930177556
475;-0.0624986400003818;0.0645059054549533
476;-0.0554148778286925;0.0726585170137876
477;-0.0464876132463886;0.0815750253977697
478;-0.0395797536109201;0.0780134079727687
479;-0.0307559048568625;0.0761517699283324
480;-0.0341657638736189;0.0725669028548091
481;-0.0301265618079559;0.0640018760045441
482;-0.0275099861563603;0.0563400884607622
483;-0.026359573213104;0.0616773039589811
484;-0.0178065154570651;0.0640478413784634
485;-0.0179046183773618;0.0542258472475531
486;-0.0145357711905408;0.0626443259578312
487;-0.00894522687151343;0.0531113570033719
488;-0.0128427465051333;0.0603677644478287
489;-0.0212440765093286;0.0507858293090882
490;-0.0276242742520218;0.044065784014578
491;-0.0344842672385296;0.0399106462702112
492;-0.0300454716014795;0.0313483064345869
493;-0.0314122433117834;0.0227995120711437
494;-0.0398464148326528;0.0252025854124235
495;-0.0354193562256076;0.0211224278804672
496;-0.0419321790992991;0.0253565899033736
497;-0.037348664250797;0.0351615329828494
498;-0.0301381110973089;0.0383282187326757
499;-0.0213256298523982;0.0422358846628275
500;-0.0115240295411014;0.0366447910711099
501;-0.0214268045060089;0.0423057928486662
502;-0.0301931528054984;0.0495309908540692
503;-0.0209548353213793;0.0546167145931986
504;-0.029270378856254;0.061499963722285
505;-0.0333338938214322;0.0639939060023213
506;-0.0368672115012478;0.0717412741213671
507;-0.0423477610241751;0.0788395449669844
508;-0.0459173952180228;0.0740393007502423
509;-0.0402227103620874;0.0719999746100047
510;-0.0356016211366568;0.0624479495383744
511;-0.0335255956595045;0.0666014515850142
512;-0.037690815296709;0.07042297773
513;-0.042433402990584;0.0606449421457039
514;-0.0437847530886926;0.0546790497884058
515;-0.039283575416656;0.0474426018095029
516;-0.0329339031749191;0.0523153862228131
517;-0.0417285702744539;0.0426061285126611
518;-0.0423096313962944;0.0370314277815128
519;-0.042818694447176;0.0362099689175422
520;-0.0437413231711841;0.0283670740947627
521;-0.0341647681032703;0.0233927928740498
522;-0.038136638095843;0.0136782084458034
523;-0.032403407726364;0.00877384940596951
524;-0.0417205184689819;0.00741749505089488
525;-0.0467199297530018;0.0122778541123113
526;-0.0372493961303818;0.00447220518898796
527;-0.0354825779624109;0.010519267275389
528;-0.0385706638467082;0.0034091180743041
529;-0.038720954302941;0.0077961790682731
530;-0.0355111405506596;0.0101365294825643
531;-0.0429908932274724;0.0185041979619229
532;-0.0512541817986566;0.0142740205960787
533;-0.0431388034080988;0.0168247372409259
534;-0.034096554965338;0.0105741927882071
535;-0.0375836390171869;0.0113483239371276
536;-0.0347580886520344;0.00557809908145959
537;-0.0313598304845579;0.00285058779854829
538;-0.0318738740064269;0.0113245541676808
539;-0.0292373012852098;0.0212211493071268
540;-0.0357820865256908;0.0136717870571706
541;-0.0369126898159426;0.0050119949218315
542;-0.0377325113030675;0.0102992701841143
543;-0.0373047157926228;0.00961500376880876
544;-0.0403071350222487;0.0196050937016985
545;-0.0387433582420943;0.0187515463605485
546;-0.0314181315913974;0.0207948824711959
547;-0.0322167482604724;0.0120305782198677
548;-0.0222121698726678;0.0194676762137226
549;-0.0251275190655736;0.0191271975339052
550;-0.0170301327002655;0.0201942555886388
551;-0.0247282884744221;0.0241576753216972
552;-0.0295437125040795;0.0295573191323213
553;-0.0318040962997098;0.0235654637461182
554;-0.032048986330791;0.0253360244990495
555;-0.041803941087408;0.0347392121280448
556;-0.0377148460597428;0.0401347983338474
557;-0.0421944247287114;0.0422843553790844
558;-0.0336189965019743;0.0387464334732884
559;-0.0269151287528291;0.0307893235409583
560;-0.0304291773406273;0.031108914744318
561;-0.0257093131884138;0.0228292207769628
562;-0.0180817768270438;0.027057640823665
563;-0.0114811205646588;0.0278903356129539
564;-0.0189762494610047;0.033530659058425
565;-0.0168554075587613;0.0256309655074361
566;-0.0164960935104248;0.0240346449199202
567;-0.0187566915381871;0.0153254544200588
568;-0.0225215276748229;0.0218179632884814
569;-0.0303657937210826;0.0250979397822628
570;-0.0386701664141986;0.033651716659028
571;-0.0456987523399381;0.0312720123552495
572;-0.0439593759176039;0.023108788275965
573;-0.0371570097606616;0.0176574924053707
574;-0.041101287571062;0.0144053957913563
575;-0.0508733130048185;0.00524229310391586
576;-0.0504569364497797;0.0050007366209202
577;-0.0448366019527971;0.00599041860797936
578;-0.0460809523536922;0.0011159696352557
579;-0.0469418398764645;0.0106331626213311
580;-0.0492464778111813;0.00347018557210004
581;-0.0489573275194864;-0.00555115909989504
582;-0.0471750877393201;0.00307880499265109
583;-0.0373278244307115;0.00632913447138355
584;-0.0355555012522524;-0.000330862589381027
585;-0.0346275317258144;0.00806606809185177
586;-0.0272718603729699;0.0010540927605863
587;-0.0232547651485237;-0.00716422921905483
588;-0.0248744967268848;-0.016364073327139
589;-0.0160572935275069;-0.0219978054088529
590;-0.013613472607021;-0.0165992604657351
591;-0.0162883435728999;-0.0144990423666401
592;-0.0114455136321604;-0.0236686317437554
593;-0.00864342490317465;-0.0172175554422929
594;-0.0124728035941594;-0.0176205515062066
595;-0.0137174529868539;-0.0268702197888075
596;-0.0124555926384757;-0.0297384319708488
597;-0.00985607038798564;-0.0352638514978549
598;-0.011913145981195;-0.0315684413586316
599;-0.00701640711306432;-0.023658657874753
600;-0.0157919443812464;-0.032895884628387
601;-0.0161861197027873;-0.0321233580178782
602;-0.0231999002352264;-0.0373601711376291
603;-0.0153310558011621;-0.0431830496375556
604;-0.019922032300952;-0.0420573051941382
605;-0.0147760600099043;-0.048590542835626
606;-0.0141935922063951;-0.0464438990232831
607;-0.0157913823929948;-0.0455729593420647
608;-0.0240874883782247;-0.0382927181142534
609;-0.0245403529755494;-0.0373390546738817
610;-0.0246916842872052;-0.0376743105618908
611;-0.0162029237565226;-0.0432484063431473
612;-0.00941815202459612;-0.0462044003251867
613;-0.00996183627508672;-0.0492395152170581
614;-0.0109333305912248;-0.040013648100157
615;-0.00471652947071784;-0.0406527122248023
616;-0.0117589050986706;-0.0475423702847037
617;-0.00395863204590918;-0.0565442797167339
618;-0.00911029896198326;-0.0590315878666804
619;-0.0075133973847672;-0.0517681951024421
620;-0.00272822683536836;-0.0426359133221655
621;0.00363399198852194;-0.0459939119300403
622;0.0130131255391208;-0.0554832583218175
623;0.0104510862031071;-0.053337017371681
624;0.0101829992363615;-0.0454355858210174
625;0.0145734975091244;-0.0489620270433472
626;0.0127220816426454;-0.0521521419700105
627;0.0216793693359938;-0.0567464423507574
628;0.0223311141839209;-0.0517747421574381
629;0.029651485766215;-0.0557571704888516
630;0.0286375999840803;-0.0520320609942506
631;0.036474454288629;-0.0567281979502402
632;0.034171864378821;-0.0494139261024044
633;0.0380507751097952;-0.0521781585590066
634;0.0359854248552049;-0.0434037388192972
635;0.0440949622420291;-0.0413192424790371
636;0.0414178930661631;-0.0350837740312813
637;0.0453512884122651;-0.0306109314388087
638;0.0498095282206635;-0.0384663464034936
639;0.0564558791080749;-0.0285731058227704
640;0.0468213808310038;-0.0323028189538804
641;0.045794842370448;-0.0301657339663643
642;0.0481280435801241;-0.0356442971738168
643;0.0569811765990877;-0.0357778047222726
644;0.0559697111101214;-0.0310562809159775
645;0.0599447714999247;-0.0300636401916032
646;0.0605051288021193;-0.0349874281104688
647;0.0559116429933494;-0.0311019025957127
648;0.0497052260384733;-0.0238566934111512
649;0.0496790462269815;-0.0336006253504196
650;0.0454967724622398;-0.0259406355731191
651;0.0489783597578566;-0.0297869383231303
652;0.0467495489244207;-0.0228050497001898
653;0.0531155717539952;-0.0163530323252049
654;0.0432471400727271;-0.00755553062160283
655;0.0381293839806548;-0.00341475876736202
656;0.0383760751085151;-0.00313288576507601
657;0.0439443339120896;-0.000495939834963417
658;0.0421012653128995;-0.00420024988555353
659;0.0431397905403467;-0.00952806421980629
660;0.0401571786978734;-0.00285118693463085
661;0.0418023588080342;-0.00609024274154103
662;0.0495728237735074;-0.000171003253641921
663;0.0439763462059834;0.0011116663055829
664;0.0345573673907934;0.00836022025135364
665;0.0365891817745888;0.00274110131933414
666;0.0374005322150795;-0.000127266309758222
667;0.0303263932160317;0.00970097216480465
668;0.0218680592201315;0.00791143753322382
669;0.0228070275171692;0.00507280830986471
670;0.0217208978135422;0.00821827573746371
671;0.0207651268394874;0.00687577508508971
672;0.0141271600838504;0.0157492806177444
673;0.0123491422803649;0.0133887318870746
674;0.0136005421346521;0.014401837782423
675;0.0094322511446067;0.0114170345751835
676;0.00348126875882092;0.00355759917476111
677;-0.00597273070954383;0.00422176033143976
678;0.00249669544340885;0.0116664774752812
679;0.00827354808685997;0.00859526830157053
680;0.00212368905742821;1.26149981062873E-05
681;-0.00511424100028086;0.0029569745566869
682;6.9463647943635E-05;0.00113746499137844
683;-0.00923261169263753;0.00587309712396622
684;-0.00770996634560174;0.00425067901525221
685;-0.00218543942335319;0.00184209125986429
686;-0.00209977428536855;0.000184065680934236
687;-0.000748387024751149;-0.00893367984621482
688;0.00301895538749121;-0.0104754140064191
689;-0.00390863877502676;-0.0158217661209505
690;-0.00602579251606291;-0.0239991427829764
691;-0.00425112049550339;-0.0303806202653332
692;-0.00845465655021124;-0.0321834676222705
693;-0.0150149419692601;-0.0246910682527027
694;-0.0153659792393754;-0.0314547049571548
695;-0.0166256576266073;-0.0219253622813547
696;-0.0154026610526362;-0.0156875167817377
697;-0.0174529822754362;-0.012428749548415
698;-0.00916087044128261;-0.00979081104264158
699;-0.00218415031404431;-0.00943016830432694
700;-0.00900044036473171;-0.0155491599508603
701;-0.0113459440634893;-0.0202811863442888
702;-0.017461095876359;-0.0245861261979518
703;-0.0145864811282729;-0.0244822877900312
704;-0.0235065312361375;-0.0273516871568987
705;-0.0167130340268245;-0.0283291967272242
706;-0.0165734799755707;-0.03102900500989
707;-0.00700427300552108;-0.0316665676562797
708;-0.0118696500302338;-0.0362076561766432
709;-0.00754979072145646;-0.0344053512658017
710;-0.016696564427743;-0.0323851440111385
711;-0.016975873831518;-0.0227474321655311
712;-0.00985704118089616;-0.0175352033792599
713;-0.00745696242353741;-0.00814830425613938
714;-0.0102485781666584;-0.0148734652869279
715;-0.0159732599514226;-0.0211209475603331
716;-0.0094917844894863;-0.0125204938019348
717;-0.00239924418343199;-0.0213168864466235
718;0.000501632902008278;-0.0283917987786846
719;-0.00442187283543029;-0.028714657077526
720;-0.0124557235896195;-0.0226557504306154
721;-0.00297576040974624;-0.0263863725325587
722;-0.00379724182103636;-0.0249963998977916
723;0.00469201834558134;-0.031419582414841
724;-0.00223185961634476;-0.0360608349761743
725;0.00492733865946869;-0.0365138900662184
726;-0.00180489625987828;-0.0460335433616551
727;0.00813742240353364;-0.0546324371985683
728;0.0167304418701634;-0.0602093492247859
729;0.00926152011168257;-0.0587055860052376
730;0.013890232547666;-0.0579082347120941
731;0.0200095713846802;-0.0590064373458392
732;0.0122834600821619;-0.050960214694934
733;0.00379616610787627;-0.0538561402894072
734;0.00640930880201479;-0.0607883578165845
735;0.0126249534713407;-0.0546189847266203
736;0.0215221752265012;-0.0573496853143766
737;0.0138512651266396;-0.0492530332876057
738;0.0234892398939231;-0.0516280017881504
739;0.0282383880316458;-0.0422529103265389
740;0.0236433609026406;-0.051941689799261
741;0.0241798190705756;-0.0429421527318014
742;0.0204165833559057;-0.0374988097385869
743;0.0298840664593708;-0.0308228488096328
744;0.0221232460031394;-0.0281694081788274
745;0.0303054016658782;-0.0359644966864606
746;0.0349812410358159;-0.0375382029550886
747;0.0383976262237493;-0.0387079494351464
748;0.0446489565478213;-0.0344703890347901
749;0.0400426010624704;-0.0249665434658371
750;0.0423214472133021;-0.0340176545484352
751;0.0464719034812189;-0.0289634164041296
752;0.0515407051729786;-0.0286097368387457
753;0.0547763227445708;-0.0356289400341309
754;0.0598068936259983;-0.0313072039427268
755;0.0535306403954376;-0.0236755734873169
756;0.0620266181079701;-0.0197775725155125
757;0.0574422061284828;-0.0276393298521261
758;0.057260698838495;-0.0328742388828723
759;0.0512014504548169;-0.0252705831596956
760;0.0547471825834769;-0.0267084394345843
761;0.0549644179713187;-0.030789353880337
762;0.0459606054747386;-0.0358300045005091
763;0.0385841502085068;-0.0318548562404209
764;0.0482952970813006;-0.0408299026227229
765;0.0430491845379998;-0.0476914927343145
766;0.0405159864367432;-0.0560800035396124
767;0.0461421130616507;-0.057951849158868
768;0.0559490491248709;-0.0516127325085702
769;0.0569617887124241;-0.0544872666293229
770;0.0523598851724993;-0.0479840483149718
771;0.0565322707342972;-0.0574602465833444
772;0.064006836273068;-0.0538616707274883
773;0.0721785652207856;-0.060291674521161
774;0.0818700866123522;-0.0609057533472802
775;0.0833197776902279;-0.0538263837678294
776;0.0865829765847711;-0.0529803488629871
777;0.086314012070016;-0.0482463371571741
778;0.0925840926928651;-0.047302960305029
779;0.0874980590682002;-0.054129124358729
780;0.0800014179740759;-0.0629884731801452
781;0.0798727978667955;-0.061318379995524
782;0.0735837862061354;-0.0641348342327935
783;0.0768031611581161;-0.0691955918279641
784;0.0770753932488036;-0.0686207175258177
785;0.0675736494168702;-0.0628576043769798
786;0.0586441865621247;-0.0542894865761089
787;0.0577024576880142;-0.0492040607298184
788;0.0542045928323011;-0.0464017224156957
789;0.0531139887570003;-0.0509455703982829
790;0.0608536557137936;-0.0586541982801231
791;0.0643552894484416;-0.0635031415312658
792;0.0668858866385677;-0.0601515804737487
793;0.0726031097895294;-0.0601102046974702
794;0.063826525798592;-0.0592772569609699
795;0.069034263281745;-0.0548651219879393
796;0.0685945339462601;-0.0508049343003075
797;0.0622277534978221;-0.0593167395671814
798;0.0720040897284933;-0.0536457322559252
799;0.0795093818155626;-0.0541107015135281
800;0.080244735579558;-0.0634972792158635
801;0.0893144483245883;-0.0731791398652359
802;0.0929438974493015;-0.0706680029955915
803;0.0882024881858204;-0.0735359084744825
804;0.0982180362403942;-0.0805152812198806
805;0.106344496829428;-0.0900701940341061
806;0.113040387558574;-0.0985945317456566
807;0.119957460302616;-0.1017908483866
808;0.123521556482642;-0.098175972755866
809;0.117122436286193;-0.0909136062439128
810;0.11760298416109;-0.0941080106933451
811;0.116387926388377;-0.0849240214273538
812;0.115553433786041;-0.0837091556161125
813;0.110477960120718;-0.0920979005931587
814;0.101935352831164;-0.0856148960485657
815;0.0956297050671045;-0.0787028455080756
816;0.0921559521156065;-0.0699473057165589
817;0.0899527646670457;-0.0799071987415604
818;0.0923240773101263;-0.0864869247836186
819;0.101556968014854;-0.0912050843147584
820;0.0952603183262983;-0.096614792227221
821;0.103688849099152;-0.100068728878809
822;0.102832840579773;-0.0947229128121877
823;0.103750380718294;-0.0938199481793026
824;0.107043453349054;-0.0989658544182152
825;0.108959916074481;-0.0975936928527213
826;0.100621704446153;-0.100401452178611
827;0.0923990468339617;-0.106824252099033
828;0.0993673597726167;-0.104067203629206
829;0.0938711436810303;-0.0990734174283563
830;0.0857805640943909;-0.106034235536537
831;0.0854305434373722;-0.106656395364821
832;0.0854052426919458;-0.0975733909702642
833;0.0941900312277255;-0.106145044860516
834;0.0983886438390653;-0.113564631211881
835;0.0918422899999107;-0.122722119383925
836;0.0981042207679172;-0.113543163068948
837;0.106576618370738;-0.123471711827326
838;0.109800445268145;-0.131533096677099
839;0.111966216769799;-0.131383309560727
840;0.105788582208719;-0.127075858700339
841;0.0999620466099316;-0.125291424258524
842;0.105476221555796;-0.133800874042968
843;0.0983974768965307;-0.128240902240798
844;0.106846324946334;-0.119570345773953
845;0.105821049675839;-0.126442962921785
846;0.100177176012824;-0.122486771984169
847;0.0978032468682729;-0.120726465949605
848;0.102083077308788;-0.11714809471792
849;0.109632141081911;-0.11320719752191
850;0.108333631516562;-0.107530602340396
851;0.100117089629638;-0.103490521627762
852;0.101398996538119;-0.0954026008525781
853;0.0919624420640629;-0.0949934340101822
854;0.0957843838396875;-0.100028695355322
855;0.098111206830829;-0.0959413364060694
856;0.0980569280952387;-0.100949013122064
857;0.0907888370814308;-0.109320840885304
858;0.0927743551871899;-0.117022840125283
859;0.0908934405163365;-0.115354374436175
860;0.0973781127336985;-0.11208152792451
861;0.102316661075035;-0.104163065715638
862;0.112285420880423;-0.100096430826409
863;0.111365733152035;-0.0914553413965251
864;0.103077192542226;-0.087212156776391
865;0.0939277610741405;-0.0797644013975394
866;0.102758004046855;-0.0896434165261049
867;0.103158722908738;-0.0898368968246117
868;0.103904636632076;-0.0807860554502932
869;0.111928383181676;-0.0751255627336564
870;0.10938080464961;-0.0673724685081431
871;0.107454654095291;-0.0586683799582478
872;0.112047639749324;-0.0505468881334768
873;0.102273180890751;-0.0472564012919069
874;0.107703706156557;-0.0462620116834351
875;0.11725359206679;-0.0434361540377121
876;0.11018794789378;-0.048360640904857
877;0.106430684033665;-0.0385547966404048
878;0.108919376122383;-0.0363023884743649
879;0.103257724023637;-0.0445556775654459
880;0.10083806041208;-0.037119706937568
881;0.104893777928303;-0.031667772298021
882;0.102411289875596;-0.031648943450129
883;0.111850539041129;-0.0228127921763121
884;0.117672832514892;-0.0134756011569758
885;0.107818794815176;-0.0144564999777899
886;0.116206867249676;-0.0131465805812582
887;0.115638120978306;-0.0144527430290973
888;0.110620967738461;-0.00796913557420899
889;0.102512757358659;-0.00945608087482669
890;0.106040682255095;-0.00358589233087639
891;0.109590704036909;0.00398489174734108
892;0.106097583533971;0.011778342228941
893;0.101222325102232;0.0120684916900605
894;0.106923424386523;0.0189654322947681
895;0.105827241484107;0.0253744209462845
896;0.100051946079932;0.0331122204988694
897;0.0965058087541841;0.0259816812845422
898;0.0877356047047281;0.0173184684665774
899;0.0953538842226163;0.00856126955457102
900;0.095518365979408;0.00158766753530498
901;0.0994937734545086;-0.00424266122857222
902;0.10639393058662;-0.00151319656832748
903;0.112670014477535;0.00642468194672135
904;0.112786656782723;0.0126324849172182
905;0.103434297771693;0.0196249915488368
906;0.100644770230737;0.025563580436699
907;0.101721135997791;0.0203810143703135
908;0.0968740562579287;0.0298157916042376
909;0.101166112123321;0.0319746726133744
910;0.100578579287472;0.0310065184297723
911;0.0943015644119966;0.026212997449326
912;0.0945647813094708;0.0256087615200453
913;0.0922319515139758;0.016180051371148
914;0.0827907004546796;0.0204325464323781
915;0.0752396551558187;0.0282734583044954
916;0.0726806915498621;0.0261930916654753
917;0.0632302021897165;0.0314435752808879
918;0.0665082209875659;0.0407674736914354
919;0.0580937180774722;0.0360115571323837
920;0.0505762141748872;0.0321693931147035
921;0.0499952034189715;0.0336165404339772
922;0.0454330755207003;0.036959452680582
923;0.0443071996238395;0.0375172393555182
924;0.0388230212770043;0.0473275435282047
925;0.042745420963124;0.0375298536755005
926;0.0343323909117432;0.0284604917437959
927;0.0338206349975152;0.0263118341074474
928;0.0283650768546504;0.0327253803443097
929;0.0249117850228733;0.0373307813012651
930;0.0302569663372807;0.0424388393944032
931;-0.0065004931527379;0.0346648917415855
932;-0.0015334333420794;0.0431539488240025
933;-0.0064238459129091;0.0441835559020489
934;-0.0106177120573715;0.0529238688302339
935;-0.0142426409707138;0.0562101682219889
936;-0.0214182013548251;0.0489526382012912
937;-0.0226796294112037;0.0510535885341344
938;-0.0220222362715482;0.0437019368374544
939;-0.0272168887563408;0.0360666212251721
940;-0.030172378597582;0.0391671335164958
941;-0.0275040852650274;0.035679618979413
942;-0.0218024187335197;0.0349586792976497
943;-0.0225132096282827;0.0293034057434013
944;-0.0250125320843293;0.0388046146263857
945;-0.0248374718562409;0.0394883241507823
946;-0.018144276740581;0.0376833441582805
947;-0.0270039860331379;0.0449255047887777
948;-0.0215899786606943;0.050983159188667
949;-0.024862123243847;0.0600591879212574
950;-0.0163449039473873;0.0585685432117939
951;-0.0100400979033579;0.0510758591489662
952;-0.0132359417797606;0.0446414215240915
953;-0.0229002406403983;0.0507541252651784
954;-0.0280560240608715;0.0558590903708522
955;-0.0188215165735788;0.0574583410323125
956;-0.0173790519469507;0.0583051000218305
957;-0.015425084975923;0.050496778007139
958;-0.0172053472136731;0.0586443523495014
959;-0.0234195898327416;0.0646698451727024
960;-0.0325002608730925;0.0707517137360256
961;-0.040242489246364;0.0688589602602363
962;-0.0367944131562833;0.0672828479569886
963;-0.0454206252481978;0.0621322242339572
964;-0.0543874997991824;0.0692030471499559
965;-0.0573194738105962;0.0660288406191716
966;-0.0660295187457789;0.0627662625563082
967;-0.0714223230724233;0.0711524195489812
968;-0.0749156271324663;0.0630033964718989
969;-0.0718694471598273;0.053989592141374
970;-0.0671628414768553;0.059108034034189
971;-0.0733624498145203;0.0649467170623257
972;-0.0745893535940303;0.0675688523744182
973;-0.0826927199070863;0.074548066397248
974;-0.0813427271557523;0.0767116375468727
975;-0.0865135165857213;0.0863769880662753
976;-0.0816541723613133;0.0785650750673122
977;-0.0864012535682793;0.0775832608681654
978;-0.0927960552153723;0.0786598386601173
979;-0.0975069370966253;0.0778064333084071
980;-0.0981425318984043;0.0798337234482048
981;-0.0908897925544673;0.073542200886003
982;-0.0858120440126823;0.0753558888497652
983;-0.0871043412866653;0.082713406354037
984;-0.0821882687513473;0.078829452020456
985;-0.0838582561097843;0.0814501941764217
986;-0.0771829053861193;0.0901306841484788
987;-0.0725715467148233;0.0825270374898088
988;-0.0823261758651803;0.0884716794621814
989;-0.0857745494969353;0.0856327417289061
990;-0.0808619430369053;0.0780922821311432
991;-0.0800114703920443;0.0686630741251369
992;-0.0895126362106733;0.0726364501156177
993;-0.0926610004519493;0.0692793055957368
994;-0.0987949818963903;0.0655821214201313
995;-0.10402824336436;0.0605953871872442
996;-0.0948280261218863;0.0687039849534092
997;-0.0905201474984643;0.0631536689946772
998;-0.0922840638422423;0.0604475725244302
999;-0.101871412286875;0.0631429879381989
