0;7.73;28.06;5.00
1;7.73;28.06;5.00
2;7.72;28.06;5.00
3;7.63;28.09;5.00
4;7.63;28.09;5.00
5;7.72;28.15;5.00
6;7.74;28.15;5.00
7;7.74;28.44;5.00
8;7.74;29.00;5.00
9;7.72;29.84;5.00
10;7.72;30.87;5.00
11;7.63;31.93;5.00
12;7.63;32.80;5.00
13;7.63;33.31;5.00
14;7.57;33.33;5.00
15;7.53;32.86;5.00
16;7.53;32.03;5.00
17;7.53;31.03;5.00
18;7.62;30.11;5.00
19;7.73;29.43;5.00
20;7.72;29.10;5.00
21;7.63;29.09;5.00
22;7.57;29.29;5.00
23;7.53;29.52;5.00
24;7.51;29.66;5.00
25;7.51;29.61;5.00
26;7.50;29.37;5.00
27;7.48;29.03;5.00
28;7.44;28.70;5.00
29;7.39;28.49;5.00
30;7.31;28.44;5.00
31;7.21;28.56;5.00
32;7.10;28.78;5.00
33;7.00;29.02;5.00
34;6.90;29.24;5.00
35;6.82;29.41;5.00
36;6.78;29.60;5.00
37;6.77;29.86;5.00
38;6.79;30.26;5.00
39;6.84;30.80;5.00
40;6.92;31.40;5.00
41;7.01;31.90;5.00
42;7.10;32.12;5.00
43;7.18;31.88;5.00
44;7.25;31.10;5.00
45;7.30;29.80;5.00
46;7.34;28.13;5.00
47;7.36;26.30;5.00
48;7.37;24.58;5.00
49;7.37;23.16;5.00
50;7.39;22.14;5.00
51;7.41;21.52;5.00
52;7.43;21.17;5.00
53;7.47;20.93;5.00
54;7.51;20.64;5.00
55;7.54;20.22;5.00
56;7.55;19.64;5.00
57;7.55;18.98;5.00
58;7.52;18.32;5.00
59;7.46;17.77;5.00
60;7.38;17.37;5.00
61;7.28;17.12;5.00
62;7.17;16.94;5.00
63;7.06;16.77;5.00
64;6.98;16.57;5.00
65;6.92;16.34;5.00
66;6.90;16.15;5.00
67;6.92;16.10;5.00
68;6.98;16.27;5.00
69;7.08;16.70;5.00
70;7.20;17.33;5.00
71;7.33;18.02;5.00
72;7.46;18.61;5.00
73;7.58;18.94;5.00
74;7.68;18.92;5.00
75;7.76;18.58;5.00
76;7.81;18.05;5.00
77;7.83;17.53;5.00
78;7.85;17.25;5.00
79;7.85;17.38;5.00
80;7.86;17.99;5.00
81;7.87;19.01;5.00
82;7.89;20.29;5.00
83;7.93;21.63;5.00
84;7.97;22.83;5.00
85;8.02;23.76;5.00
86;8.06;24.38;5.00
87;8.10;24.73;5.00
88;8.12;24.91;5.00
89;8.13;25.00;5.00
90;8.13;25.05;5.00
91;8.12;25.06;5.00
92;8.11;25.00;5.00
93;8.12;24.82;5.00
94;8.15;24.50;5.00
95;8.21;24.08;5.00
96;8.31;23.67;5.00
97;8.45;23.39;5.00
98;8.62;23.35;5.00
99;8.81;23.60;5.00
100;9.02;24.11;5.00
101;9.22;24.75;5.00
102;9.42;25.35;5.00
103;9.59;25.76;5.00
104;9.72;25.87;5.00
105;9.82;25.69;5.00
106;9.89;25.33;5.00
107;9.93;24.98;5.00
108;9.94;24.84;5.00
109;9.94;25.06;5.00
110;9.93;25.68;5.00
111;9.93;26.62;5.00
112;9.93;27.72;5.00
113;9.94;28.78;5.00
114;9.94;29.58;5.00
115;9.94;30.03;5.00
116;9.93;30.08;5.00
117;9.89;29.80;5.00
118;9.82;29.31;5.00
119;9.72;28.72;5.00
120;9.58;28.10;5.00
121;9.40;27.50;5.00
122;9.20;26.88;5.00
123;8.97;26.24;5.00
124;8.74;25.56;5.00
125;8.51;24.91;5.00
126;8.28;24.39;5.00
127;8.07;24.13;5.00
128;7.86;24.22;5.00
129;7.67;24.70;5.00
130;7.48;25.53;5.00
131;7.29;26.56;5.00
132;7.09;27.59;5.00
133;6.88;28.44;5.00
134;6.66;28.99;5.00
135;6.43;29.22;5.00
136;6.20;29.23;5.00
137;5.98;29.20;5.00
138;5.78;29.30;5.00
139;5.62;29.69;5.00
140;5.50;30.42;5.00
141;5.44;31.42;5.00
142;5.44;32.54;5.00
143;5.49;33.58;5.00
144;5.58;34.36;5.00
145;5.72;34.78;5.00
146;5.87;34.84;5.00
147;6.04;34.61;5.00
148;6.21;34.20;5.00
149;6.37;33.74;5.00
150;6.52;33.31;5.00
151;6.64;32.93;5.00
152;6.75;32.58;5.00
153;6.86;32.20;5.00
154;6.96;31.80;5.00
155;7.07;31.38;5.00
156;7.19;31.04;5.00
157;7.33;30.86;5.00
158;7.48;30.94;5.00
159;7.65;31.29;5.00
160;7.82;31.85;5.00
161;7.99;32.45;5.00
162;8.15;32.91;5.00
163;8.30;33.04;5.00
164;8.44;32.75;5.00
165;8.56;32.03;5.00
166;8.67;31.01;5.00
167;8.78;29.91;5.00
168;8.90;28.93;5.00
169;9.02;28.28;5.00
170;9.17;28.04;5.00
171;9.35;28.18;5.00
172;9.55;28.58;5.00
173;9.77;29.07;5.00
174;10.00;29.50;5.00
175;10.23;29.77;5.00
176;10.44;29.88;5.00
177;10.63;29.89;5.00
178;10.78;29.93;5.00
179;10.89;30.09;5.00
180;10.95;30.41;5.00
181;10.96;30.89;5.00
182;10.94;31.47;5.00
183;10.88;32.06;5.00
184;10.81;32.62;5.00
185;10.74;33.14;5.00
186;10.66;33.67;5.00
187;10.60;34.29;5.00
188;10.55;35.06;5.00
189;10.52;35.99;5.00
190;10.49;37.01;5.00
191;10.47;37.98;5.00
192;10.44;38.70;5.00
193;10.40;39.03;5.00
194;10.35;38.86;5.00
195;10.29;38.24;5.00
196;10.22;37.31;5.00
197;10.15;36.29;5.00
198;10.09;35.43;5.00
199;10.05;34.94;5.00
200;10.03;34.90;5.00
201;10.04;35.29;5.00
202;10.09;35.99;5.00
203;10.17;36.82;5.00
204;10.27;37.61;5.00
205;10.39;38.25;5.00
206;10.51;38.71;5.00
207;10.64;39.03;5.00
208;10.75;39.31;5.00
209;10.85;39.61;5.00
210;10.93;39.96;5.00
211;11.00;40.34;5.00
212;11.06;40.68;5.00
213;11.13;40.89;5.00
214;11.20;40.92;5.00
215;11.30;40.77;5.00
216;11.41;40.51;5.00
217;11.55;40.23;5.00
218;11.71;40.02;5.00
219;11.88;39.91;5.00
220;12.05;39.86;5.00
221;12.21;39.74;5.00
222;12.33;39.41;5.00
223;12.42;38.72;5.00
224;12.46;37.59;5.00
225;12.45;36.08;5.00
226;12.39;34.33;5.00
227;12.28;32.57;5.00
228;12.14;31.04;5.00
229;11.96;29.93;5.00
230;11.77;29.33;5.00
231;11.56;29.19;5.00
232;11.36;29.38;5.00
233;11.15;29.69;5.00
234;10.94;29.94;5.00
235;10.72;30.01;5.00
236;10.50;29.87;5.00
237;10.26;29.56;5.00
238;10.01;29.16;5.00
239;9.74;28.77;5.00
240;9.46;28.42;5.00
241;9.17;28.11;5.00
242;8.88;27.80;5.00
243;8.61;27.41;5.00
244;8.36;26.93;5.00
245;8.14;26.39;5.00
246;7.96;25.87;5.00
247;7.81;25.48;5.00
248;7.70;25.33;5.00
249;7.62;25.46;5.00
250;7.56;25.82;5.00
251;7.49;26.28;5.00
252;7.43;26.67;5.00
253;7.34;26.82;5.00
254;7.23;26.64;5.00
255;7.10;26.13;5.00
256;6.95;25.41;5.00
257;6.78;24.66;5.00
258;6.61;24.11;5.00
259;6.45;23.89;5.00
260;6.31;24.07;5.00
261;6.20;24.59;5.00
262;6.13;25.27;5.00
263;6.09;25.93;5.00
264;6.10;26.38;5.00
265;6.13;26.51;5.00
266;6.19;26.31;5.00
267;6.27;25.83;5.00
268;6.35;25.19;5.00
269;6.44;24.53;5.00
270;6.53;23.91;5.00
271;6.63;23.36;5.00
272;6.73;22.86;5.00
273;6.84;22.39;5.00
274;6.97;21.95;5.00
275;7.13;21.57;5.00
276;7.31;21.36;5.00
277;7.51;21.42;5.00
278;7.73;21.85;5.00
279;7.96;22.69;5.00
280;8.19;23.85;5.00
281;8.41;25.20;5.00
282;8.61;26.52;5.00
283;8.77;27.63;5.00
284;8.89;28.39;5.00
285;8.98;28.80;5.00
286;9.02;28.93;5.00
287;9.04;28.97;5.00
288;9.04;29.10;5.00
289;9.03;29.48;5.00
290;9.03;30.15;5.00
291;9.03;31.07;5.00
292;9.04;32.09;5.00
293;9.07;33.02;5.00
294;9.10;33.69;5.00
295;9.13;34.02;5.00
296;9.15;34.01;5.00
297;9.15;33.75;5.00
298;9.12;33.36;5.00
299;9.06;32.97;5.00
300;8.97;32.69;5.00
301;8.84;32.53;5.00
302;8.69;32.46;5.00
303;8.53;32.47;5.00
304;8.36;32.51;5.00
305;8.21;32.63;5.00
306;8.07;32.88;5.00
307;7.96;33.38;5.00
308;7.88;34.18;5.00
309;7.82;35.29;5.00
310;7.79;36.64;5.00
311;7.77;38.04;5.00
312;7.76;39.30;5.00
313;7.76;40.22;5.00
314;7.76;40.67;5.00
315;7.76;40.64;5.00
316;7.76;40.25;5.00
317;7.78;39.68;5.00
318;7.82;39.15;5.00
319;7.88;38.83;5.00
320;7.97;38.81;5.00
321;8.09;39.05;5.00
322;8.25;39.42;5.00
323;8.43;39.76;5.00
324;8.63;39.91;5.00
325;8.84;39.80;5.00
326;9.03;39.41;5.00
327;9.20;38.83;5.00
328;9.33;38.19;5.00
329;9.43;37.59;5.00
330;9.48;37.10;5.00
331;9.49;36.74;5.00
332;9.46;36.44;5.00
333;9.42;36.16;5.00
334;9.36;35.85;5.00
335;9.30;35.53;5.00
336;9.26;35.25;5.00
337;9.23;35.11;5.00
338;9.22;35.19;5.00
339;9.24;35.50;5.00
340;9.26;35.97;5.00
341;9.29;36.47;5.00
342;9.32;36.80;5.00
343;9.34;36.81;5.00
344;9.35;36.41;5.00
345;9.35;35.61;5.00
346;9.33;34.56;5.00
347;9.30;33.47;5.00
348;9.27;32.58;5.00
349;9.25;32.08;5.00
350;9.23;32.06;5.00
351;9.23;32.47;5.00
352;9.24;33.18;5.00
353;9.26;34.01;5.00
354;9.28;34.76;5.00
355;9.30;35.34;5.00
356;9.30;35.70;5.00
357;9.27;35.88;5.00
358;9.21;35.97;5.00
359;9.12;36.04;5.00
360;8.99;36.12;5.00
361;8.83;36.20;5.00
362;8.65;36.20;5.00
363;8.47;36.06;5.00
364;8.29;35.72;5.00
365;8.13;35.21;5.00
366;7.99;34.58;5.00
367;7.89;33.96;5.00
368;7.82;33.44;5.00
369;7.78;33.06;5.00
370;7.76;32.78;5.00
371;7.75;32.50;5.00
372;7.74;32.06;5.00
373;7.73;31.33;5.00
374;7.70;30.23;5.00
375;7.66;28.81;5.00
376;7.61;27.23;5.00
377;7.55;25.69;5.00
378;7.48;24.45;5.00
379;7.43;23.68;5.00
380;7.39;23.45;5.00
381;7.37;23.72;5.00
382;7.37;24.32;5.00
383;7.40;25.07;5.00
384;7.46;25.75;5.00
385;7.52;26.23;5.00
386;7.59;26.47;5.00
387;7.65;26.51;5.00
388;7.70;26.41;5.00
389;7.73;26.26;5.00
390;7.74;26.11;5.00
391;7.74;25.93;5.00
392;7.73;25.68;5.00
393;7.72;25.30;5.00
394;7.71;24.78;5.00
395;7.71;24.13;5.00
396;7.73;23.47;5.00
397;7.76;22.91;5.00
398;7.80;22.56;5.00
399;7.85;22.47;5.00
400;7.90;22.62;5.00
401;7.93;22.88;5.00
402;7.93;23.09;5.00
403;7.90;23.11;5.00
404;7.83;22.83;5.00
405;7.72;22.29;5.00
406;7.58;21.59;5.00
407;7.42;20.95;5.00
408;7.25;20.56;5.00
409;7.08;20.58;5.00
410;6.94;21.07;5.00
411;6.82;21.96;5.00
412;6.74;23.08;5.00
413;6.70;24.22;5.00
414;6.69;25.20;5.00
415;6.72;25.87;5.00
416;6.78;26.22;5.00
417;6.85;26.30;5.00
418;6.93;26.20;5.00
419;7.02;26.02;5.00
420;7.10;25.84;5.00
421;7.18;25.67;5.00
422;7.26;25.46;5.00
423;7.35;25.19;5.00
424;7.44;24.84;5.00
425;7.56;24.45;5.00
426;7.68;24.10;5.00
427;7.82;23.90;5.00
428;7.98;23.96;5.00
429;8.13;24.31;5.00
430;8.27;24.87;5.00
431;8.40;25.52;5.00
432;8.49;26.05;5.00
433;8.54;26.29;5.00
434;8.56;26.13;5.00
435;8.53;25.55;5.00
436;8.47;24.68;5.00
437;8.39;23.70;5.00
438;8.29;22.83;5.00
439;8.18;22.22;5.00
440;8.10;21.96;5.00
441;8.03;21.99;5.00
442;7.98;22.18;5.00
443;7.96;22.37;5.00
444;7.96;22.39;5.00
445;7.98;22.16;5.00
446;8.00;21.69;5.00
447;8.02;21.06;5.00
448;8.02;20.42;5.00
449;7.99;19.87;5.00
450;7.94;19.51;5.00
451;7.87;19.36;5.00
452;7.78;19.38;5.00
453;7.68;19.53;5.00
454;7.58;19.77;5.00
455;7.48;20.13;5.00
456;7.40;20.66;5.00
457;7.33;21.44;5.00
458;7.28;22.53;5.00
459;7.24;23.94;5.00
460;7.21;25.56;5.00
461;7.18;27.23;5.00
462;7.15;28.73;5.00
463;7.10;29.85;5.00
464;7.03;30.49;5.00
465;6.96;30.62;5.00
466;6.87;30.35;5.00
467;6.78;29.89;5.00
468;6.71;29.46;5.00
469;6.65;29.23;5.00
470;6.62;29.29;5.00
471;6.62;29.61;5.00
472;6.66;30.08;5.00
473;6.74;30.54;5.00
474;6.84;30.84;5.00
475;6.96;30.89;5.00
476;7.09;30.72;5.00
477;7.22;30.40;5.00
478;7.34;30.05;5.00
479;7.44;29.79;5.00
480;7.53;29.68;5.00
481;7.61;29.72;5.00
482;7.68;29.87;5.00
483;7.76;30.05;5.00
484;7.85;30.22;5.00
485;7.97;30.38;5.00
486;8.13;30.57;5.00
487;8.32;30.89;5.00
488;8.55;31.39;5.00
489;8.81;32.08;5.00
490;9.10;32.88;5.00
491;9.40;33.64;5.00
492;9.70;34.17;5.00
493;10.00;34.30;5.00
494;10.27;33.93;5.00
495;10.52;33.09;5.00
496;10.75;31.91;5.00
497;10.95;30.61;5.00
498;11.14;29.44;5.00
499;11.31;28.58;5.00
500;11.46;28.15;5.00
501;11.61;28.10;5.00
502;11.76;28.32;5.00
503;11.89;28.64;5.00
504;12.00;28.90;5.00
505;12.09;28.99;5.00
506;12.14;28.89;5.00
507;12.15;28.67;5.00
508;12.12;28.42;5.00
509;12.04;28.24;5.00
510;11.92;28.17;5.00
511;11.77;28.20;5.00
512;11.59;28.27;5.00
513;11.40;28.32;5.00
514;11.23;28.30;5.00
515;11.07;28.22;5.00
516;10.95;28.16;5.00
517;10.86;28.22;5.00
518;10.82;28.49;5.00
519;10.81;29.00;5.00
520;10.83;29.71;5.00
521;10.87;30.47;5.00
522;10.91;31.14;5.00
523;10.96;31.54;5.00
524;11.00;31.60;5.00
525;11.02;31.34;5.00
526;11.04;30.88;5.00
527;11.04;30.45;5.00
528;11.04;30.25;5.00
529;11.05;30.45;5.00
530;11.07;31.12;5.00
531;11.10;32.19;5.00
532;11.16;33.50;5.00
533;11.23;34.85;5.00
534;11.31;36.02;5.00
535;11.40;36.89;5.00
536;11.49;37.42;5.00
537;11.57;37.64;5.00
538;11.63;37.63;5.00
539;11.67;37.50;5.00
540;11.69;37.28;5.00
541;11.69;36.98;5.00
542;11.68;36.56;5.00
543;11.67;35.99;5.00
544;11.67;35.24;5.00
545;11.68;34.36;5.00
546;11.72;33.47;5.00
547;11.77;32.69;5.00
548;11.85;32.15;5.00
549;11.93;31.90;5.00
550;12.02;31.92;5.00
551;12.09;32.09;5.00
552;12.14;32.25;5.00
553;12.16;32.25;5.00
554;12.13;32.00;5.00
555;12.07;31.51;5.00
556;11.97;30.90;5.00
557;11.83;30.36;5.00
558;11.68;30.09;5.00
559;11.51;30.24;5.00
560;11.35;30.85;5.00
561;11.19;31.85;5.00
562;11.05;33.07;5.00
563;10.91;34.29;5.00
564;10.79;35.31;5.00
565;10.67;36.00;5.00
566;10.55;36.33;5.00
567;10.41;36.35;5.00
568;10.25;36.17;5.00
569;10.07;35.89;5.00
570;9.85;35.57;5.00
571;9.61;35.24;5.00
572;9.35;34.88;5.00
573;9.08;34.45;5.00
574;8.81;33.95;5.00
575;8.54;33.42;5.00
576;8.28;32.97;5.00
577;8.04;32.72;5.00
578;7.81;32.77;5.00
579;7.60;33.15;5.00
580;7.40;33.82;5.00
581;7.19;34.64;5.00
582;6.98;35.41;5.00
583;6.77;35.96;5.00
584;6.54;36.17;5.00
585;6.31;36.03;5.00
586;6.09;35.66;5.00
587;5.88;35.22;5.00
588;5.69;34.92;5.00
589;5.55;34.92;5.00
590;5.45;35.27;5.00
591;5.41;35.91;5.00
592;5.44;36.69;5.00
593;5.52;37.42;5.00
594;5.65;37.94;5.00
595;5.82;38.14;5.00
596;6.02;38.01;5.00
597;6.23;37.63;5.00
598;6.44;37.12;5.00
599;6.63;36.60;5.00
600;6.80;36.14;5.00
601;6.95;35.76;5.00
602;7.08;35.42;5.00
603;7.18;35.09;5.00
604;7.28;34.74;5.00
605;7.36;34.39;5.00
606;7.44;34.10;5.00
607;7.52;33.98;5.00
608;7.60;34.10;5.00
609;7.67;34.47;5.00
610;7.73;35.02;5.00
611;7.76;35.60;5.00
612;7.77;36.00;5.00
613;7.74;36.04;5.00
614;7.68;35.62;5.00
615;7.58;34.75;5.00
616;7.46;33.55;5.00
617;7.32;32.23;5.00
618;7.18;31.02;5.00
619;7.04;30.11;5.00
620;6.91;29.60;5.00
621;6.80;29.45;5.00
622;6.72;29.55;5.00
623;6.66;29.74;5.00
624;6.61;29.87;5.00
625;6.57;29.85;5.00
626;6.53;29.67;5.00
627;6.48;29.42;5.00
628;6.40;29.19;5.00
629;6.29;29.09;5.00
630;6.16;29.18;5.00
631;6.00;29.43;5.00
632;5.83;29.78;5.00
633;5.65;30.16;5.00
634;5.47;30.50;5.00
635;5.31;30.81;5.00
636;5.18;31.11;5.00
637;5.08;31.49;5.00
638;5.01;32.00;5.00
639;4.97;32.65;5.00
640;4.95;33.36;5.00
641;4.95;33.98;5.00
642;4.96;34.33;5.00
643;4.97;34.24;5.00
644;4.98;33.62;5.00
645;4.98;32.51;5.00
646;4.98;31.05;5.00
647;4.98;29.47;5.00
648;4.99;28.03;5.00
649;5.01;26.92;5.00
650;5.06;26.25;5.00
651;5.14;26.01;5.00
652;5.25;26.08;5.00
653;5.39;26.28;5.00
654;5.55;26.47;5.00
655;5.72;26.54;5.00
656;5.90;26.47;5.00
657;6.08;26.31;5.00
658;6.25;26.17;5.00
659;6.40;26.13;5.00
660;6.54;26.22;5.00
661;6.67;26.42;5.00
662;6.80;26.67;5.00
663;6.94;26.88;5.00
664;7.09;27.01;5.00
665;7.27;27.06;5.00
666;7.47;27.09;5.00
667;7.71;27.18;5.00
668;7.98;27.44;5.00
669;8.27;27.87;5.00
670;8.56;28.44;5.00
671;8.85;29.00;5.00
672;9.12;29.39;5.00
673;9.36;29.46;5.00
674;9.55;29.13;5.00
675;9.70;28.42;5.00
676;9.80;27.49;5.00
677;9.85;26.53;5.00
678;9.87;25.79;5.00
679;9.87;25.44;5.00
680;9.84;25.56;5.00
681;9.81;26.10;5.00
682;9.77;26.92;5.00
683;9.73;27.80;5.00
684;9.69;28.57;5.00
685;9.64;29.10;5.00
686;9.58;29.35;5.00
687;9.50;29.38;5.00
688;9.41;29.26;5.00
689;9.31;29.09;5.00
690;9.19;28.93;5.00
691;9.06;28.75;5.00
692;8.94;28.53;5.00
693;8.83;28.22;5.00
694;8.74;27.78;5.00
695;8.69;27.26;5.00
696;8.68;26.75;5.00
697;8.71;26.36;5.00
698;8.77;26.21;5.00
699;8.87;26.33;5.00
700;8.98;26.69;5.00
701;9.09;27.15;5.00
702;9.20;27.54;5.00
703;9.28;27.69;5.00
704;9.34;27.52;5.00
705;9.36;27.01;5.00
706;9.36;26.29;5.00
707;9.33;25.55;5.00
708;9.29;24.98;5.00
709;9.24;24.74;5.00
710;9.20;24.87;5.00
711;9.17;25.31;5.00
712;9.15;25.90;5.00
713;9.16;26.44;5.00
714;9.17;26.74;5.00
715;9.20;26.69;5.00
716;9.22;26.26;5.00
717;9.24;25.54;5.00
718;9.25;24.63;5.00
719;9.23;23.66;5.00
720;9.20;22.72;5.00
721;9.15;21.83;5.00
722;9.08;20.98;5.00
723;9.02;20.15;5.00
724;8.96;19.35;5.00
725;8.91;18.62;5.00
726;8.88;18.06;5.00
727;8.87;17.81;5.00
728;8.88;17.94;5.00
729;8.90;18.51;5.00
730;8.93;19.45;5.00
731;8.96;20.61;5.00
732;8.98;21.78;5.00
733;8.98;22.78;5.00
734;8.96;23.49;5.00
735;8.92;23.87;5.00
736;8.86;24.02;5.00
737;8.80;24.11;5.00
738;8.75;24.33;5.00
739;8.71;24.81;5.00
740;8.70;25.62;5.00
741;8.72;26.68;5.00
742;8.78;27.84;5.00
743;8.87;28.90;5.00
744;8.99;29.70;5.00
745;9.12;30.14;5.00
746;9.27;30.20;5.00
747;9.41;29.98;5.00
748;9.53;29.60;5.00
749;9.63;29.18;5.00
750;9.70;28.82;5.00
751;9.74;28.53;5.00
752;9.77;28.29;5.00
753;9.79;28.08;5.00
754;9.80;27.87;5.00
755;9.82;27.69;5.00
756;9.85;27.63;5.00
757;9.90;27.78;5.00
758;9.97;28.23;5.00
759;10.06;28.99;5.00
760;10.17;29.98;5.00
761;10.28;31.04;5.00
762;10.39;31.99;5.00
763;10.50;32.63;5.00
764;10.60;32.84;5.00
765;10.69;32.64;5.00
766;10.77;32.12;5.00
767;10.86;31.49;5.00
768;10.96;30.98;5.00
769;11.07;30.75;5.00
770;11.20;30.90;5.00
771;11.36;31.37;5.00
772;11.54;32.06;5.00
773;11.74;32.78;5.00
774;11.94;33.38;5.00
775;12.14;33.77;5.00
776;12.31;33.94;5.00
777;12.45;33.97;5.00
778;12.54;33.96;5.00
779;12.59;34.03;5.00
780;12.57;34.21;5.00
781;12.50;34.53;5.00
782;12.39;34.91;5.00
783;12.24;35.28;5.00
784;12.07;35.61;5.00
785;11.89;35.89;5.00
786;11.71;36.19;5.00
787;11.53;36.58;5.00
788;11.37;37.14;5.00
789;11.22;37.87;5.00
790;11.07;38.73;5.00
791;10.93;39.55;5.00
792;10.78;40.16;5.00
793;10.63;40.40;5.00
794;10.46;40.18;5.00
795;10.29;39.53;5.00
796;10.10;38.59;5.00
797;9.92;37.58;5.00
798;9.75;36.75;5.00
799;9.59;36.28;5.00
800;9.45;36.27;5.00
801;9.35;36.68;5.00
802;9.27;37.39;5.00
803;9.22;38.20;5.00
804;9.19;38.94;5.00
805;9.18;39.51;5.00
806;9.16;39.85;5.00
807;9.14;40.02;5.00
808;9.10;40.09;5.00
809;9.04;40.14;5.00
810;8.96;40.20;5.00
811;8.86;40.24;5.00
812;8.75;40.20;5.00
813;8.64;39.99;5.00
814;8.54;39.57;5.00
815;8.46;38.94;5.00
816;8.40;38.18;5.00
817;8.37;37.40;5.00
818;8.37;36.68;5.00
819;8.38;36.07;5.00
820;8.41;35.54;5.00
821;8.43;34.97;5.00
822;8.44;34.21;5.00
823;8.43;33.14;5.00
824;8.39;31.68;5.00
825;8.32;29.88;5.00
826;8.21;27.91;5.00
827;8.08;25.98;5.00
828;7.94;24.36;5.00
829;7.79;23.21;5.00
830;7.64;22.64;5.00
831;7.51;22.58;5.00
832;7.39;22.91;5.00
833;7.29;23.42;5.00
834;7.21;23.91;5.00
835;7.14;24.27;5.00
836;7.07;24.45;5.00
837;7.00;24.48;5.00
838;6.93;24.45;5.00
839;6.85;24.44;5.00
840;6.76;24.48;5.00
841;6.67;24.57;5.00
842;6.59;24.64;5.00
843;6.51;24.64;5.00
844;6.46;24.53;5.00
845;6.43;24.35;5.00
846;6.44;24.18;5.00
847;6.47;24.12;5.00
848;6.54;24.29;5.00
849;6.63;24.73;5.00
850;6.72;25.39;5.00
851;6.82;26.15;5.00
852;6.90;26.83;5.00
853;6.95;27.27;5.00
854;6.98;27.39;5.00
855;6.98;27.19;5.00
856;6.96;26.79;5.00
857;6.92;26.39;5.00
858;6.87;26.19;5.00
859;6.83;26.36;5.00
860;6.82;26.93;5.00
861;6.83;27.86;5.00
862;6.88;28.98;5.00
863;6.97;30.08;5.00
864;7.10;30.99;5.00
865;7.26;31.58;5.00
866;7.45;31.83;5.00
867;7.65;31.80;5.00
868;7.86;31.60;5.00
869;8.07;31.34;5.00
870;8.27;31.09;5.00
871;8.48;30.87;5.00
872;8.68;30.66;5.00
873;8.88;30.42;5.00
874;9.09;30.13;5.00
875;9.31;29.85;5.00
876;9.55;29.65;5.00
877;9.79;29.65;5.00
878;10.03;29.94;5.00
879;10.26;30.56;5.00
880;10.48;31.42;5.00
881;10.67;32.39;5.00
882;10.81;33.27;5.00
883;10.91;33.86;5.00
884;10.94;34.05;5.00
885;10.93;33.83;5.00
886;10.85;33.29;5.00
887;10.74;32.63;5.00
888;10.60;32.04;5.00
889;10.43;31.69;5.00
890;10.26;31.64;5.00
891;10.08;31.84;5.00
892;9.92;32.16;5.00
893;9.76;32.42;5.00
894;9.61;32.47;5.00
895;9.45;32.21;5.00
896;9.29;31.66;5.00
897;9.11;30.91;5.00
898;8.91;30.10;5.00
899;8.68;29.34;5.00
900;8.42;28.74;5.00
901;8.13;28.32;5.00
902;7.83;28.05;5.00
903;7.53;27.89;5.00
904;7.22;27.82;5.00
905;6.94;27.85;5.00
906;6.68;28.04;5.00
907;6.45;28.50;5.00
908;6.25;29.27;5.00
909;6.08;30.36;5.00
910;5.94;31.68;5.00
911;5.81;33.06;5.00
912;5.70;34.27;5.00
913;5.59;35.12;5.00
914;5.49;35.48;5.00
915;5.39;35.34;5.00
916;5.30;34.81;5.00
917;5.22;34.07;5.00
918;5.16;33.35;5.00
919;5.13;32.82;5.00
920;5.13;32.56;5.00
921;5.17;32.55;5.00
922;5.25;32.67;5.00
923;5.37;32.74;5.00
924;5.50;32.63;5.00
925;5.65;32.25;5.00
926;5.80;31.62;5.00
927;5.94;30.81;5.00
928;6.06;29.96;5.00
929;6.15;29.18;5.00
930;6.21;28.54;5.00
931;6.24;28.05;5.00
932;6.26;27.66;5.00
933;6.26;27.32;5.00
934;6.27;26.99;5.00
935;6.29;26.68;5.00
936;6.34;26.44;5.00
937;6.41;26.36;5.00
938;6.51;26.52;5.00
939;6.64;26.92;5.00
940;6.78;27.50;5.00
941;6.94;28.11;5.00
942;7.09;28.55;5.00
943;7.23;28.67;5.00
944;7.36;28.35;5.00
945;7.46;27.63;5.00
946;7.55;26.64;5.00
947;7.61;25.60;5.00
948;7.67;24.73;5.00
949;7.71;24.24;5.00
950;7.75;24.19;5.00
951;7.80;24.57;5.00
952;7.84;25.23;5.00
953;7.88;25.99;5.00
954;7.91;26.68;5.00
955;7.92;27.20;5.00
956;7.91;27.50;5.00
957;7.86;27.64;5.00
958;7.77;27.72;5.00
959;7.64;27.80;5.00
960;7.48;27.94;5.00
961;7.29;28.12;5.00
962;7.08;28.27;5.00
963;6.86;28.32;5.00
964;6.66;28.24;5.00
965;6.49;28.03;5.00
966;6.35;27.78;5.00
967;6.26;27.59;5.00
968;6.21;27.55;5.00
969;6.21;27.71;5.00
970;6.25;28.02;5.00
971;6.31;28.37;5.00
972;6.39;28.59;5.00
973;6.48;28.53;5.00
974;6.57;28.13;5.00
975;6.65;27.42;5.00
976;6.74;26.53;5.00
977;6.83;25.67;5.00
978;6.93;25.08;5.00
979;7.05;24.93;5.00
980;7.19;25.28;5.00
981;7.36;26.07;5.00
982;7.55;27.14;5.00
983;7.77;28.29;5.00
984;8.01;29.30;5.00
985;8.27;30.06;5.00
986;8.52;30.50;5.00
987;8.77;30.67;5.00
988;9.00;30.64;5.00
989;9.20;30.50;5.00
990;9.39;30.29;5.00
991;9.55;30.02;5.00
992;9.70;29.63;5.00
993;9.83;29.08;5.00
994;9.97;28.36;5.00
995;10.11;27.50;5.00
996;10.27;26.62;5.00
997;10.43;25.84;5.00
998;10.60;25.28;5.00
999;10.77;25.00;5.00
