Unix Time,open,high,low,close,Volume,Volume MA,Formatted Date
1683130920,28283.4,28312.5,28283.4,28310.65,7.61735006,4.843944215,03/05/2023 16:22
1683130980,28310.6,28340,28303.88,28339.99,13.21579108,5.793647209,03/05/2023 16:23
1683131040,28339.97,28398.38,28339.97,28392.58,16.94675775,6.861289792,03/05/2023 16:24
1683131100,28393.76,28414.13,28379.02,28414.13,36.70273074,10.27455895,03/05/2023 16:25
1683131160,28414.55,28470.25,28412.07,28435.2,72.17189243,17.29846327,03/05/2023 16:26
1683131220,28432.12,28442.96,28400,28400,16.17288957,18.27363978,03/05/2023 16:27
1683131280,28400,28416.16,28391.67,28401.73,11.88733813,18.54432351,03/05/2023 16:28
1683131340,28404.62,28444,28396.44,28436.41,8.11247342,19.00925054,03/05/2023 16:29
1683131400,28436.56,28436.56,28399.09,28401.1,7.14536082,19.22949673,03/05/2023 16:30
1683131460,28401.23,28404.17,28378.47,28387.17,6.25950447,19.62320885,03/05/2023 16:31
1683131520,28390.2,28404.91,28377.55,28400.17,10.42850395,19.90432424,03/05/2023 16:32
1683131580,28399.94,28411.39,28393.48,28395.25,4.11546237,18.99429137,03/05/2023 16:33
1683131640,28393.39,28397.08,28356.35,28364,17.21812382,19.02142797,03/05/2023 16:34
1683131700,28365.59,28366.12,28343.76,28362.15,2.65369259,15.61652416,03/05/2023 16:35
1683131760,28361.14,28367.05,28349.62,28356.35,2.8218012,8.681515034,03/05/2023 16:36
1683131820,28356.52,28372.69,28354.35,28370.42,5.18394054,7.582620131,03/05/2023 16:37
1683131880,28370.13,28382.11,28365.7,28382.02,6.87484523,7.081370841,03/05/2023 16:38
1683131940,28380.26,28387.65,28373.03,28381.4,4.52390687,6.722514186,03/05/2023 16:39
1683132000,28384.02,28393.95,28361.28,28368.69,5.59986519,6.567964623,03/05/2023 16:40
1683132060,28364.41,28387.04,28363.72,28380.53,2.52317305,6.194331481,03/05/2023 16:41
1683132120,28380.54,28393.3,28372.39,28372.39,3.22969912,5.474450998,03/05/2023 16:42
1683132180,28375.55,28386.43,28367.84,28386.43,2.96259944,5.359164705,03/05/2023 16:43
1683132240,28384.98,28386.4,28364.58,28370.27,1.79521697,3.81687402,03/05/2023 16:44
1683132300,28370.53,28384.24,28365.76,28370.85,10.58475787,4.609980548,03/05/2023 16:45
1683132360,28370.84,28371.07,28362.71,28368.86,2.41892234,4.569692662,03/05/2023 16:46
1683132420,28368.44,28384.83,28368.23,28382.59,4.01778205,4.453076813,03/05/2023 16:47
1683132480,28382.58,28385,28374.13,28380.88,1.61380601,3.926972891,03/05/2023 16:48
1683132540,28379.85,28438.36,28378.61,28423.45,20.13210223,5.487792427,03/05/2023 16:49
1683132600,28423.45,28454.58,28423.45,28444.29,8.15810545,5.743616453,03/05/2023 16:50
1683132660,28444.76,28476.49,28444.76,28473.55,14.95391842,6.98669099,03/05/2023 16:51
1683132720,28473.96,28477.2,28428.74,28431.85,9.16370925,7.580092003,03/05/2023 16:52
1683132780,28431.35,28453.59,28420.07,28439.48,12.21123499,8.504955558,03/05/2023 16:53
1683132840,28438.44,28444.11,28432.46,28435.03,3.50871417,8.676305278,03/05/2023 16:54
1683132900,28436.45,28440.88,28422.2,28439.85,5.44530405,8.162359896,03/05/2023 16:55
1683132960,28439.26,28463.71,28434.1,28456.84,2.46053076,8.166520738,03/05/2023 16:56
1683133020,28457.67,28494.96,28457.67,28484.27,16.97480677,9.46222321,03/05/2023 16:57
1683133080,28483.4,28499.37,28478.72,28491.54,5.08750536,9.809593145,03/05/2023 16:58
1683133140,28496.3,28497.69,28483.06,28489.75,2.87094865,8.083477787,03/05/2023 16:59
1683133200,28489.52,28489.74,28467.01,28473.65,6.69978797,7.937646039,03/05/2023 17:00
1683133260,28473.65,28479.08,28463.34,28477.52,2.43903919,6.686158116,03/05/2023 17:01
1683133320,28474.58,28498.27,28471.31,28492.21,6.11816189,6.38160338,03/05/2023 17:02
1683133380,28491.06,28495.18,28483.22,28492.42,4.68506209,5.62898609,03/05/2023 17:03
1683133440,28492.59,28510.37,28463.48,28496.3,36.52197957,8.93031263,03/05/2023 17:04
1683133500,28499.12,28503.4,28438.54,28444.46,12.90295772,9.676077997,03/05/2023 17:05
1683133560,28444.99,28457.9,28420.45,28456.43,14.30803715,10.86082864,03/05/2023 17:06
1683133620,28455.3,28460.74,28438.09,28447.42,5.2093347,9.684281429,03/05/2023 17:07
1683133680,28447.36,28451.05,28432.38,28449.2,3.6136665,9.536897543,03/05/2023 17:08
1683133740,28447.88,28450.85,28434.04,28444.24,2.96724812,9.54652749,03/05/2023 17:09
1683133800,28444.37,28458.08,28436.18,28449.99,2.40419497,9.11696819,03/05/2023 17:10
1683133860,28449.24,28449.24,28429.1,28436.14,3.19351003,9.192415274,03/05/2023 17:11
1683133920,28436.09,28438.51,28425.8,28430.92,5.3216613,9.112765215,03/05/2023 17:12
1683133980,28431,28445.15,28421.26,28429.96,14.25843877,10.07010288,03/05/2023 17:13
1683134040,28430.71,28486.37,28430.71,28464.89,22.59842385,8.677747311,03/05/2023 17:14
1683134100,28460.57,28483,28458.08,28467.99,8.2565798,8.213109519,03/05/2023 17:15
1683134160,28464.95,28473.18,28457.8,28463.82,12.8855631,8.070862114,03/05/2023 17:16
1683134220,28463.01,28471.95,28447.57,28470.23,29.00541572,10.45047022,03/05/2023 17:17
1683134280,28466.01,28469.06,28450.22,28457.07,14.58955841,11.54805941,03/05/2023 17:18
1683134340,28457.07,28464.5,28453.52,28462.51,21.69115984,13.42045058,03/05/2023 17:19
1683134400,28461.03,28462.99,28453.7,28461.53,6.87447157,13.86747824,03/05/2023 17:20
1683134460,28462.5,28487.02,28453.89,28477.23,7.62870595,14.31099783,03/05/2023 17:21
1683134520,28477.28,28477.28,28444.73,28446.54,5.3487981,14.31371151,03/05/2023 17:22
1683134580,28445.47,28476.36,28436.61,28476.36,17.97531805,14.68539944,03/05/2023 17:23
1683134640,28479.28,28599.99,28479.28,28587.61,96.40395475,22.06595253,03/05/2023 17:24
1683134700,28581.53,28659.66,28576.29,28614.93,97.71501337,31.01179589,03/05/2023 17:25
1683134760,28621.17,28657.99,28602.6,28631.04,72.54595426,36.977835,03/05/2023 17:26
1683134820,28637.56,28637.56,28582.33,28597.94,26.23220414,36.70051384,03/05/2023 17:27
1683134880,28599.91,28630,28599.91,28629.94,10.69689273,36.31124728,03/05/2023 17:28
1683134940,28629.92,28629.92,28583.07,28583.07,7.76377519,34.91850881,03/05/2023 17:29
1683135000,28586.61,28616.9,28586.59,28616.49,15.13619089,35.74468074,03/05/2023 17:30
1683135060,28614.07,28617.26,28587.62,28590.4,8.99657066,35.88146721,03/05/2023 17:31
1683135120,28590.08,28598.49,28564.18,28564.3,17.51684478,37.09827188,03/05/2023 17:32
1683135180,28567.31,28573.21,28550.51,28572.87,27.26335448,38.02707553,03/05/2023 17:33
1683135240,28569.56,28574.79,28555.27,28559.22,3.69997739,28.75667779,03/05/2023 17:34
1683135300,28559.19,28578.93,28555,28567.17,7.41147393,19.72632385,03/05/2023 17:35
1683135360,28565.86,28596.19,28558.16,28582.3,7.39856183,13.2115846,03/05/2023 17:36
1683135420,28584.78,28618.25,28568.31,28618.25,8.35817423,11.42418161,03/05/2023 17:37
1683135480,28613.85,28634.69,28598.95,28610.06,21.62085229,12.51657757,03/05/2023 17:38
1683135540,28610.05,28650,28607.61,28643.48,25.94978015,14.33517806,03/05/2023 17:39
1683135600,28648.51,28680.96,28638.28,28674.24,49.71874969,17.79343394,03/05/2023 17:40
1683135660,28671.61,28770.75,28671.11,28752.52,121.2602387,29.01980075,03/05/2023 17:41
1683135720,28745.85,28794.42,28730.27,28790.11,68.42169358,34.11028563,03/05/2023 17:42
1683135780,28794.84,28794.84,28725.01,28732.46,48.80258121,36.2642083,03/05/2023 17:43
1683135840,28732.47,28773.59,28723.82,28734.02,25.3023937,38.42444994,03/05/2023 17:44
1683135900,28729.73,28764.16,28690.37,28690.37,24.77397622,40.16070016,03/05/2023 17:45
1683135960,28690.55,28703.57,28642.97,28660.8,31.75901235,42.59674522,03/05/2023 17:46
1683136020,28660.84,28685.13,28652.53,28673.85,9.30184608,42.6911124,03/05/2023 17:47
1683136080,28677.29,28677.31,28635.07,28654.47,5.26084064,41.05511124,03/05/2023 17:48
1683136140,28654.87,28672.41,28635.1,28638.25,10.50060513,39.51019373,03/05/2023 17:49
1683136200,28643.98,28673.15,28638.53,28671.39,7.23458308,35.26177707,03/05/2023 17:50
1683136260,28671,28673.12,28626.58,28635.86,13.47831969,24.48358517,03/05/2023 17:51
1683136320,28635.78,28665.76,28624.33,28663.95,20.15064238,19.65648005,03/05/2023 17:52
1683136380,28661.64,28676.95,28635.86,28646.63,16.54093902,16.43031583,03/05/2023 17:53
1683136440,28653.13,28670.49,28641.79,28649,6.02687541,14.502764,03/05/2023 17:54
1683136500,28647.21,28657.27,28617.25,28624.13,5.46657621,12.572024,03/05/2023 17:55
1683136560,28620.74,28631.23,28534.17,28545.66,56.60612579,15.05673534,03/05/2023 17:56
1683136620,28550.96,28564.42,28445.43,28508.59,46.17363905,18.74391464,03/05/2023 17:57
1683136680,28508.69,28577.44,28491.47,28574.28,43.69344713,22.58717529,03/05/2023 17:58
1683136740,28570.06,28586.89,28511.41,28580.37,30.01555232,24.53867001,03/05/2023 17:59
1683136800,28580,28817.03,28538.68,28610.92,248.9635227,48.71156397,03/05/2023 18:00
1683136860,28616.65,28617.66,28494.27,28574.05,106.0350819,57.96724019,03/05/2023 18:01
1683136920,28574.04,28686.11,28561.54,28642.81,69.4321354,62.89538949,03/05/2023 18:02
1683136980,28636.82,28668.96,28545,28586.92,72.31190583,68.47248618,03/05/2023 18:03
1683137040,28596.58,28624.26,28553.23,28574.39,62.38758769,74.1085574,03/05/2023 18:04
1683137100,28575.54,28583.71,28500.31,28526.61,63.42065361,79.90396514,03/05/2023 18:05
1683137160,28525,28561.55,28495.04,28521.29,48.94150527,79.13750309,03/05/2023 18:06
1683137220,28521.82,28600,28511.59,28599.97,27.6570938,77.28584857,03/05/2023 18:07
1683137280,28597.3,28625.33,28558.5,28585,32.16362368,76.13286622,03/05/2023 18:08
1683137340,28583.06,28594.72,28531.08,28565,13.54927117,74.48623811,03/05/2023 18:09
1683137400,28568.85,28581.97,28500,28534.68,32.59862037,52.84974788,03/05/2023 18:10
1683137460,28540.55,28574.9,28520,28574.9,18.12133602,44.05837328,03/05/2023 18:11
1683137520,28570,28597.07,28558.33,28570,9.36463344,38.05162309,03/05/2023 18:12
1683137580,28569.2,28599.97,28569.2,28590,7.51133866,31.57156637,03/05/2023 18:13
1683137640,28595.37,28619.53,28575.65,28619.53,12.13661069,26.54646867,03/05/2023 18:14
1683137700,28620.27,28685.15,28619.53,28665.57,27.12299823,22.91670313,03/05/2023 18:15
1683137760,28656.2,28656.75,28618.01,28639.23,11.01068033,19.12362064,03/05/2023 18:16
1683137820,28632.63,28639.21,28609.98,28628.29,10.12071551,17.36998281,03/05/2023 18:17
1683137880,28635.99,28636.73,28607.79,28636.73,23.34339453,16.4879599,03/05/2023 18:18
1683137940,28639.22,28657.96,28614.38,28624.43,13.37770965,16.47080374,03/05/2023 18:19
1683138000,28629.28,28650,28618.59,28649.99,17.51975348,14.96291705,03/05/2023 18:20
1683138060,28650,28670.15,28617.36,28626.37,29.74717502,16.12550095,03/05/2023 18:21
1683138120,28626.71,28638.05,28583.37,28595.35,20.95524767,17.28456238,03/05/2023 18:22
1683138180,28595.35,28640.41,28593.37,28622.96,14.4177887,17.97520738,03/05/2023 18:23
1683138240,28622.88,28633.83,28602.64,28606.96,7.9105138,17.55259769,03/05/2023 18:24
1683138300,28603.23,28626.81,28591.49,28620.94,9.23880328,15.7641782,03/05/2023 18:25
1683138360,28620.95,28637.95,28593.36,28598.42,6.4650459,15.30961475,03/05/2023 18:26
1683138420,28597.65,28622.74,28580,28580,55.3485015,19.83239335,03/05/2023 18:27
1683138480,28580,28580,28531.56,28557.09,57.81378722,23.27943262,03/05/2023 18:28
1683138540,28549.83,28559.84,28514.94,28535.51,21.95369313,24.13703097,03/05/2023 18:29
1683138600,28530.11,28559.24,28490,28513.06,67.80815425,29.16587105,03/05/2023 18:30
1683138660,28513.05,28536.95,28464.09,28505.77,45.21384481,30.71253803,03/05/2023 18:31
1683138720,28500.81,28501.26,28450,28497.9,21.76392256,30.79340552,03/05/2023 18:32
1683138780,28496.46,28548.22,28496.46,28536.12,14.81160473,30.83278712,03/05/2023 18:33
1683138840,28546.72,28563.25,28461.89,28476.04,18.11483532,31.85321927,03/05/2023 18:34
1683138900,28484.61,28484.61,28339.6,28409.31,144.4153269,45.37087163,03/05/2023 18:35
1683138960,28409.51,28411.95,28361.51,28400.7,10.76796248,45.80116329,03/05/2023 18:36
1683139020,28403.26,28405.23,28240,28331.85,160.5856774,56.32488088,03/05/2023 18:37
1683139080,28331.83,28399.14,28309.42,28381.54,47.14190949,55.2576931,03/05/2023 18:38
1683139140,28381.57,28454.58,28380.03,28446.74,54.79257312,58.5415811,03/05/2023 18:39
1683139200,28442.98,28618.95,28430.68,28609.51,126.1030269,64.37106837,03/05/2023 18:40
1683139260,28614.55,28614.55,28515.41,28528.14,86.63438636,68.51312252,03/05/2023 18:41
1683139320,28520.88,28570.67,28424.34,28436.89,44.30056723,70.76678699,03/05/2023 18:42
1683139380,28434.07,28493.16,28396.64,28463.53,40.22692058,73.30831858,03/05/2023 18:43
1683139440,28470.49,28491.57,28439,28484.52,23.58916046,73.85575109,03/05/2023 18:44
1683139500,28478.6,28560.83,28472.78,28506.18,84.74333234,67.88855164,03/05/2023 18:45
1683139560,28492.95,28531.16,28476.89,28510.28,14.14536452,68.22629184,03/05/2023 18:46
1683139620,28507.57,28513.99,28461.41,28490.32,28.18812015,54.98653612,03/05/2023 18:47
1683139680,28493.39,28527.4,28486.56,28490.18,23.5743918,52.62978435,03/05/2023 18:48
1683139740,28484.61,28491.58,28430.91,28439.51,28.77402991,50.02793003,03/05/2023 18:49
1683139800,28434.14,28451.8,28405,28429.64,56.45733891,43.06336123,03/05/2023 18:50
1683139860,28432.68,28473.49,28412.26,28434.67,26.18679858,37.01860245,03/05/2023 18:51
1683139920,28432.97,28433.9,28369.5,28431.74,50.90091408,37.67863713,03/05/2023 18:52
1683139980,28431.21,28483.59,28428.09,28478.54,69.43334695,40.59927977,03/05/2023 18:53
1683140040,28478.55,28483.04,28440.67,28454.88,35.37578418,41.77794214,03/05/2023 18:54
1683140100,28457.36,28487.44,28429.52,28446.63,16.6182646,34.96543537,03/05/2023 18:55
1683140160,28446.5,28508.11,28446.5,28477.9,38.18406822,37.36930574,03/05/2023 18:56
1683140220,28478.26,28491.58,28376.04,28411.32,64.86890811,41.03738453,03/05/2023 18:57
1683140280,28415.57,28465.74,28404.28,28444.88,26.19070029,41.29901538,03/05/2023 18:58
1683140340,28447.27,28475.42,28437.89,28452.74,19.63751791,40.38536418,03/05/2023 18:59
1683140400,28452.74,28463.91,28419,28458.98,18.61284703,36.600915,03/05/2023 19:00
1683140460,28455.66,28465.21,28438.7,28451.17,29.01608126,36.88384326,03/05/2023 19:01
1683140520,28452.69,28461.93,28388.5,28403.74,23.01703329,34.09545518,03/05/2023 19:02
1683140580,28402.69,28433.74,28375,28422.79,31.98482882,30.35060337,03/05/2023 19:03
1683140640,28422.78,28462.08,28417.49,28444.55,13.51027733,28.16405269,03/05/2023 19:04
1683140700,28444.44,28520.05,28427.76,28485.96,20.74577001,28.57680323,03/05/2023 19:05
1683140760,28485.96,28492.92,28419.12,28430.2,34.25094805,28.18349121,03/05/2023 19:06
1683140820,28430.14,28433.05,28363.43,28392.62,42.52325267,25.94892567,03/05/2023 19:07
1683140880,28390,28412.45,28339.03,28379.58,54.25994572,28.75585021,03/05/2023 19:08
1683140940,28375.02,28378.05,28316.51,28329.24,35.70569841,30.36266826,03/05/2023 19:09
1683141000,28327.04,28329.24,28262.43,28276.1,65.63167877,35.06455143,03/05/2023 19:10
1683141060,28275,28303.49,28263.03,28284.68,44.73132502,36.63607581,03/05/2023 19:11
1683141120,28281.1,28299.24,28262.43,28265.85,18.41530966,36.17590345,03/05/2023 19:12
1683141180,28263.56,28288.96,28214.77,28279.49,48.23889686,37.80131025,03/05/2023 19:13
1683141240,28279.5,28324.27,28260.67,28308.02,42.61710482,40.711993,03/05/2023 19:14
1683141300,28301.48,28328.95,28277.48,28298.76,34.58562134,42.09597813,03/05/2023 19:15
1683141360,28298.06,28362.49,28290,28357.24,24.39947084,41.11083041,03/05/2023 19:16
1683141420,28357.45,28385.88,28349.6,28372.95,30.78202388,39.93670753,03/05/2023 19:17
1683141480,28366.37,28386.33,28352.29,28381.24,7.57968675,35.26868164,03/05/2023 19:18
1683141540,28381.8,28396.43,28352.36,28361.15,12.50240376,32.94835217,03/05/2023 19:19
1683141600,28356.56,28371.05,28304.87,28351.28,41.15474798,30.50065909,03/05/2023 19:20
1683141660,28345.88,28375,28333.15,28343.75,25.30769072,28.55829566,03/05/2023 19:21
1683141720,28344.39,28385.32,28312.94,28384.28,26.38151731,29.35491643,03/05/2023 19:22
1683141780,28388.97,28404.5,28372.33,28399.54,25.10360376,27.04138712,03/05/2023 19:23
1683141840,28404.49,28410.36,28382.41,28391.13,5.77033074,23.35670971,03/05/2023 19:24
1683141900,28391.14,28416.54,28380.34,28393.19,27.17516112,22.61566369,03/05/2023 19:25
1683141960,28393.15,28403.97,28370.62,28399.96,7.90330331,20.96604693,03/05/2023 19:26
1683142020,28403.02,28411.99,28380.47,28381.9,20.91163323,19.97900787,03/05/2023 19:27
1683142080,28386.58,28399.09,28347.58,28368.26,22.85434381,21.50647357,03/05/2023 19:28
1683142140,28362.51,28376.42,28332.87,28366.39,11.54668622,21.41090182,03/05/2023 19:29
1683142200,28355.84,28395.51,28341.28,28393.15,9.06758429,18.20218545,03/05/2023 19:30
1683142260,28393.15,28410.44,28364.01,28367.99,13.11028991,16.98244537,03/05/2023 19:31
1683142320,28366.14,28375.75,28354.78,28363,5.91511479,14.93580512,03/05/2023 19:32
1683142380,28361.81,28373.11,28347.38,28347.38,6.65562841,13.09100758,03/05/2023 19:33
1683142440,28347.24,28376.08,28327.9,28375.91,9.84585669,13.49856018,03/05/2023 19:34
1683142500,28372.12,28386.4,28336.71,28343.29,10.06590173,11.78763424,03/05/2023 19:35
1683142560,28347.42,28368.58,28322.19,28334.81,12.88533202,12.28583711,03/05/2023 19:36
1683142620,28334.66,28346.2,28280,28319.48,33.3690979,13.53158358,03/05/2023 19:37
1683142680,28324.03,28339.25,28306.21,28338.84,12.12894699,12.4590439,03/05/2023 19:38
1683142740,28338.96,28351.44,28333.15,28343.59,8.17909542,12.12228482,03/05/2023 19:39
1683142800,28339.78,28342.32,28312.47,28336.67,13.59322802,12.57484919,03/05/2023 19:40
1683142860,28334.51,28362.15,28321.62,28325.19,10.86523904,12.3503441,03/05/2023 19:41
1683142920,28324.26,28325.17,28295.45,28316.44,20.40107792,13.79894041,03/05/2023 19:42
1683142980,28313.56,28353.11,28313.55,28349.97,9.27987451,14.06136502,03/05/2023 19:43
1683143040,28349.27,28386.61,28349.11,28360.43,14.84021837,14.56080119,03/05/2023 19:44
1683143100,28360.12,28390.71,28352.84,28380.83,12.84662538,14.83887356,03/05/2023 19:45
1683143160,28378.76,28378.76,28339.74,28354.09,10.21895239,14.57223559,03/05/2023 19:46
1683143220,28353.09,28359.98,28330.7,28356.08,10.38705669,12.27403147,03/05/2023 19:47
1683143280,28354.95,28357.89,28337.77,28344.9,7.96832117,11.85796889,03/05/2023 19:48
1683143340,28344.15,28344.15,28316.86,28330.97,7.79951425,11.82001077,03/05/2023 19:49
1683143400,28331.83,28382.23,28325.73,28370.64,24.79715946,12.94040392,03/05/2023 19:50
1683143460,28367.74,28371.89,28351.62,28370.32,8.74923113,12.72880313,03/05/2023 19:51
1683143520,28373.87,28395.43,28351.57,28352.83,11.01278205,11.78997354,03/05/2023 19:52
1683143580,28354.51,28361.97,28340.75,28351.57,8.88619755,11.75060584,03/05/2023 19:53
1683143640,28349,28375.36,28339.71,28370.46,15.79142914,11.84572692,03/05/2023 19:54
1683143700,28366.77,28384.99,28338.81,28379.16,17.90796823,12.35186121,03/05/2023 19:55
1683143760,28380.61,28396.82,28368.48,28373.5,18.02280917,13.13224688,03/05/2023 19:56
1683143820,28373.54,28375.87,28343.5,28347.91,4.78432263,12.57197348,03/05/2023 19:57
1683143880,28345.66,28352.76,28332.24,28343.36,4.39533816,12.21467518,03/05/2023 19:58
1683143940,28341.32,28341.48,28318.95,28330.69,11.21783955,12.55650771,03/05/2023 19:59
1683144000,28327.38,28341.05,28307.4,28319.85,11.50553603,11.22734536,03/05/2023 20:00
1683144060,28322.03,28334.7,28316.57,28331.77,5.99821821,10.95224407,03/05/2023 20:01
1683144120,28332.59,28349.48,28327.61,28347.86,1.62846082,10.01381195,03/05/2023 20:02
1683144180,28347.75,28363.34,28337.95,28363.24,3.76089403,9.501281597,03/05/2023 20:03
1683144240,28362.55,28370.79,28352.23,28369.33,13.08703544,9.230842227,03/05/2023 20:04
1683144300,28369.2,28374.68,28364.92,28365.61,2.96421315,7.736466719,03/05/2023 20:05
1683144360,28369.24,28389.97,28365.37,28385.6,11.00048503,7.034234305,03/05/2023 20:06
1683144420,28386.75,28393.02,28378.24,28384.3,10.47005075,7.602807117,03/05/2023 20:07
1683144480,28384.25,28388.11,28375.75,28386.31,4.6797318,7.631246481,03/05/2023 20:08
1683144540,28386.29,28410.98,28386.29,28408.87,9.14672711,7.424135237,03/05/2023 20:09
1683144600,28409.02,28419.1,28404.87,28419.1,8.37700288,7.111281922,03/05/2023 20:10
1683144660,28420,28479.89,28420,28448.8,20.03026877,8.514486978,03/05/2023 20:11
1683144720,28448.29,28478.97,28442.98,28464.62,24.52947661,10.80458856,03/05/2023 20:12
1683144780,28464.56,28464.56,28443.2,28446.43,10.33072062,11.46157122,03/05/2023 20:13
1683144840,28450.78,28450.78,28431.14,28435.41,5.82465192,10.73533286,03/05/2023 20:14
1683144900,28439.04,28439.4,28414.83,28427.9,11.50310901,11.58922245,03/05/2023 20:15
1683144960,28427.89,28455.73,28427.35,28453.24,5.18770437,11.00794438,03/05/2023 20:16
1683145020,28453.27,28460.3,28437.79,28456.41,15.98895806,11.55983512,03/05/2023 20:17
1683145080,28456.41,28464.38,28445.55,28462.62,4.34919511,11.52678145,03/05/2023 20:18
1683145140,28459.56,28463.99,28442.35,28444.81,18.09669179,12.42177791,03/05/2023 20:19
1683145200,28441.03,28454.16,28439.81,28452.87,6.82688745,12.26676637,03/05/2023 20:20
1683145260,28452.88,28464.95,28442.07,28442.07,20.57071054,12.32081055,03/05/2023 20:21
1683145320,28445.94,28458.34,28438.07,28454.19,6.99168467,10.56703135,03/05/2023 20:22
1683145380,28456.19,28458.38,28425.2,28441.6,22.27518916,11.76147821,03/05/2023 20:23
1683145440,28441.54,28442.84,28435.37,28442.77,2.13149938,11.39216295,03/05/2023 20:24
1683145500,28442.72,28443.05,28424.96,28438.49,11.99569083,11.44142114,03/05/2023 20:25
1683145560,28438.57,28445.52,28435.53,28438.22,3.98895256,11.32154596,03/05/2023 20:26
1683145620,28438.66,28444.46,28422,28434.07,20.30468665,11.75311881,03/05/2023 20:27
1683145680,28434.09,28436.67,28403.66,28403.93,12.26603861,12.54480316,03/05/2023 20:28
1683145740,28406.18,28417.53,28404.6,28415.93,17.80741949,12.51587593,03/05/2023 20:29
1683145800,28415.92,28437.16,28410.99,28433.56,7.16689761,12.54987695,03/05/2023 20:30
1683145860,28433.55,28434.68,28410.87,28412.65,14.41420295,11.93422619,03/05/2023 20:31
1683145920,28410.95,28412.07,28387.49,28387.49,5.88390831,11.82344856,03/05/2023 20:32
1683145980,28388.87,28388.88,28360.98,28365.99,2.82058304,9.877987943,03/05/2023 20:33
1683146040,28367.15,28372.52,28362.62,28366.01,4.71999505,10.13683751,03/05/2023 20:34
1683146100,28365.3,28371.74,28352.39,28360.19,12.72148876,10.2094173,03/05/2023 20:35
1683146160,28360.19,28366.19,28334.12,28340.83,17.45351462,11.55587351,03/05/2023 20:36
1683146220,28340.56,28344.66,28307.77,28314.04,7.17942216,10.24334706,03/05/2023 20:37
1683146280,28313.84,28313.85,28284.64,28293.87,5.92798156,9.609541355,03/05/2023 20:38
1683146340,28300.53,28326.84,28289.39,28318.33,4.24393218,8.253192624,03/05/2023 20:39
1683146400,28318.62,28360.53,28318.62,28356.4,20.692449,9.605747763,03/05/2023 20:40
1683146460,28355.93,28358.26,28341.27,28349.76,13.39722517,9.504049985,03/05/2023 20:41
1683146520,28349.99,28354.28,28341.32,28346.89,13.48603952,10.26426311,03/05/2023 20:42
1683146580,28349.97,28350,28335.47,28343.48,2.37128449,10.21933325,03/05/2023 20:43
1683146640,28341.03,28344.15,28324.35,28327.46,4.24027524,10.17136127,03/05/2023 20:44
1683146700,28327.48,28336.66,28315.76,28327.28,7.39855931,9.639068325,03/05/2023 20:45
1683146760,28327.19,28371.64,28323.86,28364.14,30.08337992,10.90205486,03/05/2023 20:46
1683146820,28364.08,28380.44,28359.67,28371.11,14.20130422,11.60424306,03/05/2023 20:47
1683146880,28372.06,28387.53,28370.17,28382.78,8.16241769,11.82768667,03/05/2023 20:48
1683146940,28381.86,28393.17,28360.85,28393.17,7.7056034,12.1738538,03/05/2023 20:49
1683147000,28390.33,28418.44,28383.77,28414.83,7.81749796,10.88635869,03/05/2023 20:50
1683147060,28415.07,28465.08,28415.07,28459.82,5.25628401,10.07226458,03/05/2023 20:51
1683147120,28461.76,28469.44,28454.3,28464.39,13.76864426,10.10052505,03/05/2023 20:52
1683147180,28464.39,28509.36,28461.55,28506.37,38.13729598,13.6771262,03/05/2023 20:53
1683147240,28509.41,28514.55,28485.75,28492.2,32.69685878,16.52278455,03/05/2023 20:54
1683147300,28492.2,28586.68,28480.21,28564.44,88.33841388,24.61677001,03/05/2023 20:55
1683147360,28563.72,28564.05,28516,28518.49,16.88345051,23.29677707,03/05/2023 20:56
1683147420,28520.66,28535.45,28510.13,28519.77,34.0872181,25.28536846,03/05/2023 20:57
1683147480,28519.89,28529.04,28510.91,28524.39,22.63353015,26.7324797,03/05/2023 20:58
1683147540,28527.69,28546.66,28524.48,28531.15,8.48860334,26.8107797,03/05/2023 20:59
1683147600,28531.15,28555.49,28529,28555.49,11.61696563,27.19072646,03/05/2023 21:00
1683147660,28555.48,28580.03,28551,28562.12,5.44475868,27.20957393,03/05/2023 21:01
1683147720,28561.47,28561.48,28537.01,28540.43,1.53737192,25.9864467,03/05/2023 21:02
1683147780,28538.73,28568.54,28531.38,28556.65,20.31961179,24.20467828,03/05/2023 21:03
1683147840,28559.08,28573.06,28551.94,28553.5,14.70616783,22.40560918,03/05/2023 21:04
1683147900,28553.43,28564,28550.26,28561.16,14.106402,14.982408,03/05/2023 21:05
1683147960,28563.94,28563.94,28530.2,28530.56,8.77252253,14.1713152,03/05/2023 21:06
1683148020,28536.15,28542.66,28531.67,28534.4,6.64519603,11.42711299,03/05/2023 21:07
1683148080,28534.39,28554.44,28533.56,28552.84,8.6025649,10.02401647,03/05/2023 21:08
1683148140,28552.84,28565.94,28551.99,28562.99,12.60223332,10.43537946,03/05/2023 21:09
1683148200,28564.13,28567.68,28561.88,28561.89,35.48587797,12.8222707,03/05/2023 21:10
1683148260,28561.88,28590,28560.08,28587.6,25.33916468,14.8117113,03/05/2023 21:11
1683148320,28587.59,28604.05,28587.59,28601.93,44.88621904,19.14659601,03/05/2023 21:12
1683148380,28604.05,28660.15,28603.97,28652.01,75.35875948,24.65051078,03/05/2023 21:13
1683148440,28652.13,28658.99,28629.97,28629.97,16.14766186,24.79466018,03/05/2023 21:14
1683148500,28630,28672.78,28625,28660.05,13.68535275,24.75255526,03/05/2023 21:15
1683148560,28660.05,28716.43,28657.96,28715.57,37.39461473,27.61476448,03/05/2023 21:16
1683148620,28717.25,28732,28698.5,28728.02,24.90496233,29.44074111,03/05/2023 21:17
1683148680,28728.5,28750.58,28720.95,28728.22,68.87499295,35.46798391,03/05/2023 21:18
1683148740,28730.77,28730.78,28704.28,28720.08,26.04107668,36.81186825,03/05/2023 21:19
1683148800,28722.76,28835.17,28713.22,28819.4,72.81961923,40.54524237,03/05/2023 21:20
1683148860,28832.78,28992.54,28759.02,28979.49,207.922755,58.8036014,03/05/2023 21:21
1683148920,28963.82,28993.95,28890.46,28894.35,88.74127166,63.18910666,03/05/2023 21:22
1683148980,28896.38,28933.08,28856.44,28895,32.64736415,58.91796713,03/05/2023 21:23
1683149040,28898.05,28929.73,28868.83,28920.26,24.45873411,59.74907436,03/05/2023 21:24
1683149100,28926.88,29015.46,28926.88,28972.88,142.451795,72.62571858,03/05/2023 21:25
1683149160,28973.75,29013.55,28940.11,28952.65,27.45671147,71.63192826,03/05/2023 21:26
1683149220,28951.42,28951.42,28862.19,28862.53,16.80829299,70.82226132,03/05/2023 21:27
1683149280,28865.06,28874.17,28842.68,28850,10.74637926,65.00939995,03/05/2023 21:28
1683149340,28850,28870.24,28836.27,28857.49,4.81361386,62.88665367,03/05/2023 21:29
1683149400,28853.25,28930.42,28853.25,28923.21,17.103454,57.31503715,03/05/2023 21:30
1683149460,28923.2,28975,28916.35,28943.09,60.83249797,42.60601145,03/05/2023 21:31
1683149520,28935.3,28945.6,28871.68,28897.11,10.10638992,34.74252327,03/05/2023 21:32
1683149580,28897.11,28912.43,28897.1,28912.36,5.47956569,32.02574343,03/05/2023 21:33
1683149640,28912.28,28976.04,28908.41,28914.74,22.31993296,31.81186331,03/05/2023 21:34
1683149700,28913.49,29017.69,28913.49,28996.97,28.58793863,20.42547768,03/05/2023 21:35
1683149760,28988.52,28999.94,28935,28944.68,11.5376191,18.83356844,03/05/2023 21:36
1683149820,28939.49,28976.04,28935,28972.15,13.32510578,18.48524972,03/05/2023 21:37
1683149880,28974.19,28974.2,28942.27,28955,10.15997708,18.4266095,03/05/2023 21:38
1683149940,28951.41,28957.27,28916.3,28920.34,7.39609334,18.68485745,03/05/2023 21:39
1683150000,28920.32,28933.33,28915.6,28932.57,3.75548685,17.35006073,03/05/2023 21:40
1683150060,28932.56,28963.77,28930.46,28960.48,5.51763395,11.81857433,03/05/2023 21:41
1683150120,28963.76,29064.69,28961.21,28996.77,37.89161958,14.5970973,03/05/2023 21:42
1683150180,28997.49,29075.3,28996.16,29014.93,27.54432255,16.80357298,03/05/2023 21:43
1683150240,29009.84,29020.56,28978.66,28991.69,18.04454036,16.37603372,03/05/2023 21:44
1683150300,28990,28996.77,28936.91,28958.48,12.00173826,14.71741369,03/05/2023 21:45
1683150360,28958.48,28984.62,28946.66,28984.53,5.31627472,14.09527925,03/05/2023 21:46
1683150420,28982.96,28986.24,28940,28944.83,5.64068739,13.32683741,03/05/2023 21:47
1683150480,28944.83,28948.71,28927.86,28930.57,8.73857792,13.18469749,03/05/2023 21:48
1683150540,28933.03,28949.97,28910.35,28949.89,29.24930378,15.37001854,03/05/2023 21:49
1683150600,28949.84,29000.51,28946.4,28965.33,40.58186882,19.05265673,03/05/2023 21:50
1683150660,28965,29001.47,28960.3,29000,14.9404913,19.99494247,03/05/2023 21:51
1683150720,29001.4,29052.75,28983.04,29038.85,22.80686105,18.48646662,03/05/2023 21:52
1683150780,29037.79,29047.14,29003.44,29009.17,31.06432887,18.83846725,03/05/2023 21:53
1683150840,29009.17,29022.35,29000.02,29003.03,6.19152484,17.6531657,03/05/2023 21:54
1683150900,29007.06,29017.27,28991.32,29012.41,10.9870779,17.55169966,03/05/2023 21:55
1683150960,29012.33,29035.82,28998.97,28998.97,10.88435728,18.10850792,03/05/2023 21:56
1683151020,28999.24,28999.99,28961.99,28991.52,4.66279202,18.01071838,03/05/2023 21:57
1683151080,28991.49,28995.77,28959.54,28962.34,13.95744301,18.53260489,03/05/2023 21:58
1683151140,28961.6,28964.23,28924.22,28935,6.99984874,16.30765938,03/05/2023 21:59
1683151200,28936.68,29000,28934.93,28999.99,13.83843791,13.63331629,03/05/2023 22:00
1683151260,28999.99,29049.44,28970.03,29014.83,18.95039277,14.03430644,03/05/2023 22:01
1683151320,29023.5,29040.83,28980.36,28985.48,31.4479308,14.89841341,03/05/2023 22:02
1683151380,28982.71,29020.82,28975.93,29020.66,21.45559233,13.93753976,03/05/2023 22:03
1683151440,29021.95,29048,29016.48,29034.64,16.08921404,14.92730868,03/05/2023 22:04
1683151500,29027.53,29073.61,29013.13,29024.23,31.9202367,17.02062456,03/05/2023 22:05
1683151560,29024.23,29059.7,29024.23,29049.62,30.08370551,18.94055938,03/05/2023 22:06
1683151620,29049.63,29097.42,29049.63,29080.09,33.36652485,21.81093267,03/05/2023 22:07
1683151680,29088.25,29121.01,29071.83,29106.53,49.21569374,25.33675774,03/05/2023 22:08
1683151740,29106.53,29125.36,29085.01,29110.75,44.32313832,29.0690867,03/05/2023 22:09
1683151800,29110.95,29160.75,29106.54,29112.1,63.69137009,34.05437992,03/05/2023 22:10
1683151860,29115.51,29122.69,29071.04,29072.16,19.19805013,34.07914565,03/05/2023 22:11
1683151920,29072.15,29097.3,29070,29071.04,13.89543071,32.32389564,03/05/2023 22:12
1683151980,29071.23,29077.15,29059.85,29061.14,8.96176088,31.0745125,03/05/2023 22:13
1683152040,29061.14,29075.64,29026.76,29041.03,23.27262248,31.79285334,03/05/2023 22:14
1683152100,29040.94,29070.91,29036.54,29064.84,6.33811468,29.23464114,03/05/2023 22:15
1683152160,29066.82,29114.48,29061.38,29113.91,26.23749706,28.85002029,03/05/2023 22:16
1683152220,29124.05,29184.05,29120.17,29180.5,40.1636601,29.52973382,03/05/2023 22:17
1683152280,29172.86,29183.31,29131.3,29144.88,12.98730995,25.90689544,03/05/2023 22:18
1683152340,29147.73,29167.14,29132.93,29137.74,2.05093669,21.67967528,03/05/2023 22:19
1683152400,29137.74,29165.86,29120.01,29154.77,23.89079823,17.69961809,03/05/2023 22:20
1683152460,29150.73,29204,29150.73,29198.37,16.20874707,17.40068779,03/05/2023 22:21
1683152520,29198.28,29212.46,29167.92,29212.2,10.35119811,17.04626453,03/05/2023 22:22
1683152580,29208.37,29219,29170.2,29176.21,29.34882926,19.08497136,03/05/2023 22:23
1683152640,29176.21,29257.95,29172.13,29257.72,22.53575724,19.01128484,03/05/2023 22:24
1683152700,29254.74,29270.6,29237.84,29270.6,12.04653753,19.58212712,03/05/2023 22:25
1683152760,29270.8,29276.12,29215.18,29242.69,38.94610595,20.85298801,03/05/2023 22:26
1683152820,29242.83,29254.3,29195,29205.13,15.94546142,18.43116815,03/05/2023 22:27
1683152880,29207.91,29208.68,29190,29195.27,5.61545574,17.69398272,03/05/2023 22:28
1683152940,29195.24,29203.1,29175.03,29181.19,25.55875182,20.04476424,03/05/2023 22:29
1683153000,29181.92,29224.92,29151.76,29213.07,50.23465234,22.67914965,03/05/2023 22:30
1683153060,29210.36,29224.19,29175.67,29189.94,7.19163755,21.7774387,03/05/2023 22:31
1683153120,29186.74,29186.74,29158.42,29166.14,11.55655981,21.89797487,03/05/2023 22:32
1683153180,29166.36,29198.21,29160.25,29177.42,14.97585633,20.46067757,03/05/2023 22:33
1683153240,29179.02,29187.54,29163.51,29172.99,5.3310936,18.74021121,03/05/2023 22:34
1683153300,29171.34,29206.36,29171.33,29187.81,6.63676616,18.19923407,03/05/2023 22:35
1683153360,29191.38,29203.08,29177.79,29196.48,16.86285644,15.99090912,03/05/2023 22:36
1683153420,29195.37,29205.57,29173.08,29194.64,11.57325332,15.55368831,03/05/2023 22:37
1683153480,29195.65,29201.61,29170.34,29178.77,8.99461974,15.89160471,03/05/2023 22:38
1683153540,29178.81,29194.3,29173.2,29183.41,9.75819633,14.31154916,03/05/2023 22:39
1683153600,29183.41,29200,29182.37,29199.63,5.36371528,9.824455456,03/05/2023 22:40
1683153660,29199.15,29200,29175.16,29177.33,9.92567766,10.09785947,03/05/2023 22:41
1683153720,29178.82,29200,29172.04,29199.6,5.46403891,9.488607377,03/05/2023 22:42
1683153780,29195.95,29197.88,29179.99,29180.77,2.26751414,8.217773158,03/05/2023 22:43
1683153840,29183.6,29184.95,29163.49,29165.33,6.90530229,8.375194027,03/05/2023 22:44
1683153900,29165.24,29195,29161.7,29187.88,9.72556255,8.684073666,03/05/2023 22:45
1683153960,29192.19,29195,29135.01,29135.01,11.7954734,8.177335362,03/05/2023 22:46
1683154020,29135.02,29165.95,29134.48,29147.33,5.87259872,7.607269902,03/05/2023 22:47
1683154080,29146.74,29151.83,29095.47,29098.53,23.11321118,9.019129046,03/05/2023 22:48
1683154140,29096.35,29110.19,29085.05,29090.04,19.839154,10.02722481,03/05/2023 22:49
1683154200,29092.84,29132.94,29092.83,29123.24,28.41547371,12.33240066,03/05/2023 22:50
1683154260,29120.75,29135,29115,29120.34,3.31382142,11.67121503,03/05/2023 22:51
1683154320,29120.26,29139.12,29114.66,29121.68,6.87728453,11.81253959,03/05/2023 22:52
1683154380,29123.96,29140,29121.69,29132.68,2.61527701,11.84731588,03/05/2023 22:53
1683154440,29132.67,29132.67,29100,29103.96,2.79650907,11.43643656,03/05/2023 22:54
1683154500,29104.03,29153.42,29101.84,29144.13,3.33960249,10.79784055,03/05/2023 22:55
1683154560,29143.57,29167.15,29135.01,29157.74,8.90344801,10.50863801,03/05/2023 22:56
1683154620,29157.74,29157.74,29131.54,29136.94,16.67978571,11.58935671,03/05/2023 22:57
1683154680,29136.93,29144.72,29119.84,29122.97,4.33228258,9.711263853,03/05/2023 22:58
1683154740,29122.76,29132.83,29110.01,29114.15,8.21249171,8.548597624,03/05/2023 22:59
1683154800,29113.99,29141.71,29105,29107.43,7.66342543,6.473392796,03/05/2023 23:00
1683154860,29107.65,29120.85,29092.37,29095.48,6.58140155,6.800150809,03/05/2023 23:01
1683154920,29099.81,29100.56,29040.77,29060.64,10.00076697,7.112499053,03/05/2023 23:02
1683154980,29060.58,29067.71,29043.25,29047.66,4.61809873,7.312781225,03/05/2023 23:03
1683155040,29046.07,29051.66,29020.65,29035.07,11.35950082,8.1690804,03/05/2023 23:04
1683155100,29034.38,29067.6,29030.45,29065.09,17.02300983,9.537421134,03/05/2023 23:05
1683155160,29066.77,29087.19,29059.84,29081.47,4.9006154,9.137137873,03/05/2023 23:06
1683155220,29081.48,29082.4,29041.25,29060.46,7.62683647,8.231842949,03/05/2023 23:07
1683155280,29060.44,29073.27,29060.44,29065.01,3.47608907,8.146223598,03/05/2023 23:08
1683155340,29065,29065.27,29051,29057.33,2.31735949,7.556710376,03/05/2023 23:09
1683155400,29057.12,29092.49,29055.11,29090.29,4.36560444,7.226928277,03/05/2023 23:10
1683155460,29090.29,29107.78,29086.27,29094.04,8.81096383,7.449884505,03/05/2023 23:11
1683155520,29093.98,29118.75,29092.73,29113.62,6.27959563,7.077767371,03/05/2023 23:12
1683155580,29113.54,29118.27,29091.97,29093.27,5.61516933,7.177474431,03/05/2023 23:13
1683155640,29092.01,29109.95,29091.97,29108.73,8.48163437,6.889687786,03/05/2023 23:14
1683155700,29108.46,29126.48,29108.46,29120.35,3.04979799,5.492366602,03/05/2023 23:15
1683155760,29120.13,29121.56,29099.38,29103.2,1.99344858,5.20164992,03/05/2023 23:16
1683155820,29101.49,29102.96,29093.31,29096.14,4.41952566,4.880918839,03/05/2023 23:17
1683155880,29093.32,29110.11,29091.97,29095.34,6.59975899,5.193285831,03/05/2023 23:18
1683155940,29099.19,29101.44,29083.29,29083.29,5.3183202,5.493381902,03/05/2023 23:19
1683156000,29083.38,29115.6,29082.39,29112.32,2.58788765,5.315610223,03/05/2023 23:20
1683156060,29112.27,29132.23,29106.06,29118.85,3.22134395,4.756648235,03/05/2023 23:21
1683156120,29118.81,29120.45,29101.72,29105.85,8.03164934,4.931853606,03/05/2023 23:22
1683156180,29105.85,29121.67,29105,29120,2.12716543,4.583053216,03/05/2023 23:23
1683156240,29118.75,29119.26,29089.81,29090.66,2.60397158,3.995286937,03/05/2023 23:24
1683156300,29090.66,29115.2,29090.65,29105.03,4.90683114,4.180990252,03/05/2023 23:25
1683156360,29107.18,29110.31,29086.24,29092.2,2.25934539,4.207579933,03/05/2023 23:26
1683156420,29092.2,29092.82,29084.7,29089.13,2.22681831,3.988309198,03/05/2023 23:27
1683156480,29088.66,29089.79,29070,29073.13,4.72596503,3.800929802,03/05/2023 23:28
1683156540,29074.31,29087.81,29048.87,29053.36,6.13661768,3.88275955,03/05/2023 23:29
1683156600,29053.33,29088.75,29050.26,29080.82,7.52474252,4.376445037,03/05/2023 23:30
1683156660,29081.35,29084.64,29036.38,29036.38,8.90179533,4.944490175,03/05/2023 23:31
1683156720,29041.07,29053.28,29035.45,29035.77,2.05580085,4.346905326,03/05/2023 23:32
1683156780,29039,29045.23,29030.3,29037.61,1.87670494,4.321859277,03/05/2023 23:33
1683156840,29037.02,29043.97,29035,29043.82,3.8971395,4.451176069,03/05/2023 23:34
1683156900,29043.13,29067.07,29041.64,29060,9.41419003,4.901911958,03/05/2023 23:35
1683156960,29059.99,29063.88,29040,29041.53,8.41769857,5.517747276,03/05/2023 23:36
1683157020,29039.66,29039.73,29027.96,29032.91,3.56549434,5.651614879,03/05/2023 23:37
1683157080,29032.67,29037.83,29022.26,29034.42,13.99849675,6.578868051,03/05/2023 23:38
1683157140,29034.37,29034.37,28987.66,28998.37,19.14091276,7.879297559,03/05/2023 23:39
1683157200,28997.05,29028.38,28997.05,29023.47,7.1357498,7.840398287,03/05/2023 23:40
1683157260,29028.26,29032.04,29002.16,29007.8,4.60746364,7.410965118,03/05/2023 23:41
1683157320,29007.95,29019.76,29002.44,29002.44,4.14472756,7.619857789,03/05/2023 23:42
1683157380,29002.44,29002.44,28973.12,28982.6,4.56975122,7.889162417,03/05/2023 23:43
1683157440,28983.31,28984.44,28948.78,28952.44,3.60879885,7.860328352,03/05/2023 23:44
1683157500,28951.02,29012.88,28946.71,29011.36,8.35985965,7.754895314,03/05/2023 23:45
1683157560,29010.5,29017.81,29000.48,29015.7,1.64411052,7.077536509,03/05/2023 23:46
1683157620,29015.7,29015.7,29000.04,29004.42,7.93955431,7.514942506,03/05/2023 23:47
1683157680,29004.4,29013.1,29000.01,29001.64,1.50384186,6.265477017,03/05/2023 23:48
1683157740,29001.58,29003.24,28975.62,28984.65,10.65144726,5.416530467,03/05/2023 23:49
1683157800,28984.65,29017.6,28971.95,29010.79,21.54357406,6.857312893,03/05/2023 23:50
1683157860,29014.12,29016.72,29004.55,29004.55,5.91181587,6.987748116,03/05/2023 23:51
1683157920,29004.21,29012.93,28994.97,29005,4.58667134,7.031942494,03/05/2023 23:52
1683157980,29005,29009.7,28996.75,29006.69,4.88360123,7.063327495,03/05/2023 23:53
1683158040,29006.57,29016.53,29005,29013.36,12.84831941,7.987279551,03/05/2023 23:54
1683158100,29013.33,29019.95,29010.11,29015,6.86602401,7.837895987,03/05/2023 23:55
1683158160,29015,29017.43,29007.09,29013.19,5.26959739,8.200444674,03/05/2023 23:56
1683158220,29013.53,29013.72,29000.65,29000.68,10.52551923,8.459041166,03/05/2023 23:57
1683158280,29002.87,29015.97,29000.79,29015.97,2.95345175,8.604002155,03/05/2023 23:58
1683158340,29017.62,29040.88,29015.83,29038.75,12.10337533,8.749194962,03/05/2023 23:59
1683158400,29039.36,29047.44,29035,29047.44,5.21402842,7.116240398,04/05/2023 00:00
1683158460,29046.75,29049.08,29028.06,29034,6.44012237,7.169071048,04/05/2023 00:01
1683158520,29033.96,29074.86,29031.45,29073.36,7.12931152,7.423335066,04/05/2023 00:02
1683158580,29069.39,29072.79,29054.85,29059.52,8.45338196,7.780313139,04/05/2023 00:03
1683158640,29058.73,29078.84,29057.87,29068.34,4.64230534,6.959711732,04/05/2023 00:04
1683158700,29069.77,29075.52,29054.89,29057.74,1.83604821,6.456714152,04/05/2023 00:05
1683158760,29055.73,29059.02,29030,29035.77,13.50937772,7.280692185,04/05/2023 00:06
1683158820,29031.73,29037.02,29014.18,29017.03,4.66556612,6.694696874,04/05/2023 00:07
1683158880,29017.03,29033.72,29011.61,29029.15,2.55937813,6.655289512,04/05/2023 00:08
1683158940,29029.11,29038.15,29017.58,29017.58,2.42897415,5.687849394,04/05/2023 00:09
1683159000,29017.58,29020.49,29007.05,29013.89,1.35584818,5.30203137,04/05/2023 00:10
1683159060,29013.88,29057.99,29000.01,29054.53,12.24252559,5.882271692,04/05/2023 00:11
1683159120,29054.43,29090.63,29050.1,29088.44,12.96020533,6.465361073,04/05/2023 00:12
1683159180,29088.36,29097.08,29072.67,29097.08,3.75278153,5.99530103,04/05/2023 00:13
1683159240,29098.64,29099.98,29085.17,29092.96,6.46056124,6.17712662,04/05/2023 00:14
1683159300,29090.58,29098.33,29072.37,29078.91,6.98203151,6.69172495,04/05/2023 00:15
1683159360,29078.9,29078.9,29060.36,29073.52,8.48232189,6.189019367,04/05/2023 00:16
1683159420,29072.81,29082.93,29069.55,29082.93,5.30483712,6.252946467,04/05/2023 00:17
1683159480,29085.34,29100,29085.01,29100,5.2783573,6.524844384,04/05/2023 00:18
1683159540,29099.03,29118.05,29071.97,29075.09,19.67231071,8.24917804,04/05/2023 00:19
1683159600,29075.11,29081.6,29045.26,29048.53,20.44977789,10.15857101,04/05/2023 00:20
1683159660,29052.44,29083.57,29048.57,29080.36,7.730063,9.707324752,04/05/2023 00:21
1683159720,29080.75,29086.5,29071.37,29082.94,3.87547632,8.798851851,04/05/2023 00:22
1683159780,29082.76,29084.17,29074.12,29080.36,3.4549443,8.769068128,04/05/2023 00:23
1683159840,29076.85,29083.45,29064.68,29070.62,10.91520106,9.21453211,04/05/2023 00:24
1683159900,29070.75,29076.35,29060.98,29061.48,3.47828076,8.864157035,04/05/2023 00:25
1683159960,29065.18,29084.18,29060.08,29082.37,5.0089159,8.516816436,04/05/2023 00:26
1683160020,29082.33,29084.75,29063.6,29070,5.15979735,8.502312459,04/05/2023 00:27
1683160080,29070.35,29072.11,29050.01,29056.36,8.51280064,8.825756793,04/05/2023 00:28
1683160140,29056.27,29056.27,29043.65,29051.71,2.9697258,7.155498302,04/05/2023 00:29
1683160200,29048.68,29064.29,29042.6,29055.24,6.12588545,5.723109058,04/05/2023 00:30
1683160260,29055.24,29059.22,29043.19,29045,2.6463574,5.214738498,04/05/2023 00:31
1683160320,29046.83,29050.81,29022.8,29026.42,2.77885207,5.105076073,04/05/2023 00:32
1683160380,29023.23,29034.15,29007.65,29010.66,3.07986584,5.067568227,04/05/2023 00:33
1683160440,29006.13,29013.9,28995.45,29000.98,4.93651626,4.469699747,04/05/2023 00:34
1683160500,29000.94,29010.45,28981.19,28992.13,4.39875413,4.561747084,04/05/2023 00:35
1683160560,28992.12,28999.62,28982.4,28986.02,4.97954502,4.558809996,04/05/2023 00:36
1683160620,28989.21,29004.97,28985.17,28996.26,6.43972792,4.686803053,04/05/2023 00:37
1683160680,28992.96,29031.76,28992.45,28997.65,16.27981425,5.463504414,04/05/2023 00:38
1683160740,29001.17,29001.22,28974.65,28977.25,7.6498784,5.931519674,04/05/2023 00:39
1683160800,28977.36,28994.07,28961.4,28990.29,15.09913098,6.828844227,04/05/2023 00:40
1683160860,28990.61,29006.78,28980.93,29002.34,3.47583209,6.911791696,04/05/2023 00:41
1683160920,29002.02,29021.07,29000.23,29013.67,1.15089273,6.748995762,04/05/2023 00:42
1683160980,29014.92,29019.97,29004.18,29014.39,5.24926252,6.96593543,04/05/2023 00:43
1683161040,29014.27,29021.58,29007,29013.68,2.66167023,6.738450827,04/05/2023 00:44
1683161100,29011.71,29053.31,29011.7,29048.85,7.55079828,7.053655242,04/05/2023 00:45
1683161160,29046.28,29061.91,29032.96,29055.36,3.49838293,6.905539033,04/05/2023 00:46
1683161220,29058.52,29072.68,29055.01,29070.19,4.68454613,6.730020854,04/05/2023 00:47
